1000,4,,,
x0,x1,x2,x3,y
-0.18717897462702088,0.6559061632299801,2.0913322150490563,2.9353877074646006,0.0737944304035987
-0.20929223586789147,1.1976573197083416,1.7554899809050637,2.900880417054057,-1.9214220259548171
0.16181142364365658,1.437309432563837,2.0686455395463823,3.5364563487239247,-4.150008529374461
0.1743166576578007,1.0257764660470663,2.1687097458821127,3.2818979769346126,-0.9155579206364405
0.05478755765772057,0.8149534343786893,1.965603685669645,3.0500982881747296,-0.2686090881405972
0.4086182367564341,0.5435503460929375,2.0600970802785543,3.1927642288800704,0.11392352083341373
-0.25614145232573216,0.8154087798046467,1.922997230304,2.971494760863482,-0.26238219908367155
0.0841393175805794,1.007010296298923,2.4262505464348125,3.1214249897563935,-0.6632552834756589
-0.3786480413017099,0.7511230529309737,1.8699279367938741,2.834231396562969,-0.10827169311555629
-0.0822597720529481,1.178475811118553,2.0523266570261134,2.896861252622607,-1.6768069385399493
-0.0693808184475399,0.599871251593787,1.524927820400679,3.1366151241132223,-0.07359902799995675
-0.14892456999197323,1.0073665602002526,1.8040790695284716,2.9115296304347855,-0.8818879995777487
0.161343337264086,0.8577949002972637,1.9714945922290201,2.826874782923703,-0.304173744198584
-0.37203263000596704,1.0764393328341717,2.015417079455871,2.789141954472151,-1.0508467080427277
-0.016679101212777808,0.9831116500564989,2.125041302063763,3.0167202848855585,-0.6879152332198726
-0.02837671729918404,1.2694344359571597,2.2516311384484107,3.602219239162732,-2.4441608082831996
-0.011258249950625934,0.7655940871263544,2.0107846856070077,2.9331606399731625,-0.12269248659247026
0.15965608761469813,0.5747438372521548,1.4333217754546472,3.1305410762979275,-0.06452472608221563
0.07418669435902354,0.9841938638475026,2.224252969985677,3.3601982156938752,-0.7462390895248966
0.0914883089531129,1.5152686482399012,2.0365214439884585,2.6985197183898415,-4.94734575709683
-0.1427043748797366,1.094199337265732,2.1354153467127532,2.9959134179885143,-1.1749314796391868
0.2233507058444478,1.1558818522284093,2.376167630008286,2.937530692483056,-1.3544424431732924
0.42688786090279307,0.9805051161562087,2.1408690355468813,2.8818195229186583,-0.5864879977330525
-0.2984643929969697,1.0098807101036498,1.918382827285505,3.190425797175135,-0.9014557071005104
0.3766047346396273,0.6057321748962644,1.8455285897721432,2.9536595738990075,0.037911831419952
0.0035125624200391036,1.0638294740448042,1.6651941994299015,3.136860257824238,-1.2014092506039313
0.4309623979554727,1.0306799771831447,2.424633491115115,2.615512299905537,-0.3554771453675698
-0.3263110736691925,1.0340395220330274,1.9931299260952646,2.4727500813656063,-0.7098255555402155
-0.09284710036516534,0.779376943706791,2.200529609739232,3.083215508280193,-0.10942127446712391
-0.067447067212315,1.3474622838620138,2.4049373379711065,2.8700427038713734,-2.803564261236765
0.054788741499602577,1.370123944771235,1.9540361550450172,2.9973353536507696,-3.3433899472695843
-0.12712471687165455,1.0563805537085698,1.7602721046358503,2.803145229777639,-1.089558329941442
-0.16405029848403246,1.5032979241254578,2.29112685108013,3.2413989426154353,-4.856832085564612
0.2460865403264556,1.2018975938633845,1.7054964602933036,3.0754510486591333,-1.988506786032546
0.07727421592015787,1.2160671003693255,2.255130304964459,2.76986432956324,-1.7474781135445632
-0.2271354235825133,0.8260506123324436,2.1111903250309307,3.1088659135976977,-0.2502853392776031
0.21066169666622975,1.4104068556554212,1.8993599723899879,3.2642364467409433,-3.8405050122818434
0.1254269011877191,0.8456886896188749,2.2218333904541447,3.0102112552053693,-0.21445231898089018
0.17512225954177926,0.8981056577808314,1.6420863195634756,2.970756264008781,-0.556302672142465
-0.45068914555858197,1.3130951202252135,2.052540705683818,3.247899724660138,-2.772173908174611
0.40257038197573264,1.2971002209900657,2.0318377109258234,2.9311518719895977,-2.573548737292694
-0.1514733456911254,1.481645433564709,2.0010099794908567,3.276005813890108,-4.67950463694762
-0.06945640118369469,1.1613181422943215,2.443664935261979,3.12291299528267,-1.443950002439578
-0.008125912008521799,0.7191555387179679,1.620281867391948,3.0218439084205877,-0.18482403735991595
-0.10384889472677519,0.6368423525851526,1.6664691731984984,2.947665851629139,-0.0622103596277955
0.24597958831145428,0.9179280681361517,1.9058850631803845,3.328171595719886,-0.5987617005206233
0.30219975876769745,1.3524677590045324,2.132925575442588,3.053938010841185,-3.099582198196082
0.00793563277172934,0.7505085736166722,1.8308042811864966,2.893517082820938,-0.15699119024500713
0.2984298333230981,0.6753880126743397,2.123907760233536,3.1220914147671577,0.014030612658910785
-0.016801436824364323,0.6363834493921927,1.590704774894521,3.0690641801876977,-0.09184557232970934
-0.3719983639198754,1.428498077773189,2.323145275508253,2.786302813736263,-3.6616534931711495
-0.22600912367233514,0.81570565649741,1.984362168245227,3.13593710003968,-0.27978581862106056
-0.05274206202917591,1.4751728268773356,2.3833889174969776,3.1267062194445763,-4.397932753360194
-0.07507354813760181,1.693748352587468,2.0203597653203187,3.0510714737118145,-8.037619649260007
-0.008463279905193145,0.9551935231635135,2.0035192043525445,2.7538283828590697,-0.5522908478033975
-0.12056054365018733,1.0817728579250687,1.913663996135346,2.888499731899601,-1.1765809262119595
-0.10209970223568862,0.8464264361664674,1.7580725403255644,3.2233201358479633,-0.42467633975484254
-0.27332084694447195,1.0526210244653695,2.197754871408215,3.0557051078161233,-0.9545168514953887
-0.28741374678939946,0.6997509005691056,2.4866499007611105,2.5518174293037803,0.6687615207357673
-0.5574572279200173,0.991453875896006,2.2312884938183224,2.5363371075029026,-0.2707242343172579
-0.20464273718734843,1.2443184604039954,1.4133573538599036,2.941930808205614,-2.3422976706572785
0.411165459022579,0.942919679556094,2.500411706688302,3.251672828626576,-0.4122760431900714
-0.000981814585979995,0.8954386076396496,2.3599332162947464,2.46934403460709,0.19130458867907651
-0.335584634020274,0.7345320258055237,1.8792720029447252,2.4807608265787717,0.05090277683382316
0.22520309000243793,1.2465112772391875,2.213616313255357,2.7860219230803684,-2.0131529342781675
0.49488251906963454,0.5797040031817768,2.7576422428494674,2.819917783812544,0.8615928906216936
-0.2171559380661248,0.7290092420730445,2.337295206406522,2.8800636897542504,0.15353630570921334
0.3045340155510599,0.7914546884008509,1.9424445671995365,2.886439032111153,-0.17868649517895346
0.2245239272985888,1.0052602842777154,2.275855154995915,3.1265264013916094,-0.737909812451242
-0.25466350491472645,0.8736274694849078,1.903668769331075,3.175608803270871,-0.449167316602357
0.18700183933096517,1.2316878801700168,1.5270015195470974,2.8607767542711837,-2.219058152385617
0.11276392563551788,0.7455783226183098,2.04510857873267,2.8059351253768554,-0.02665002602300587
-0.12053283726778309,1.271402576024327,2.591203124177919,2.825567369789618,-1.905479815179675
-0.17423495972242758,0.49108745465466574,2.0356996316849174,2.957980029082294,0.16708314890638
0.19922156777420685,1.0627102571038727,1.9142454697566063,2.800445341435883,-1.0555489052806235
0.010774048335938697,0.8404245495683749,2.363197825853218,3.0624473347320653,-0.1442891982732527
-0.17112604470413909,0.49809516874631343,1.7512648813390275,2.730015881004239,0.10863951909009886
-0.032222982969878786,1.0964821516735173,2.010140894216866,2.829791285525582,-1.190841976029619
0.11351340653905896,0.8951470797889289,1.860025295382182,3.1056633603852646,-0.513232651440436
0.3771613815995991,0.7870696180089011,2.1608349374034708,2.6407267014454705,0.08480612315649078
-0.3935058051501518,0.7646172246644696,2.3017794735218766,3.0695833967294646,-0.0016438365925485754
-0.4301711430464597,0.5434252787913494,1.9582759922489146,2.9928525500967025,0.13033042455391317
0.08462185760393973,1.056276782388462,2.029268571952167,2.7013495608544527,-0.9263358771685619
0.179690691061843,1.0228380025872443,1.835462815649867,3.1537417612706093,-0.9787565870794118
-0.0702169144457727,1.0724705732954802,2.1568916644045255,2.8173543287144853,-0.9794035507654877
-0.46437287532848953,0.7566574037030591,2.292897783289822,2.9963041906678725,0.061632315239849356
0.046302043252441485,1.127966818108865,2.106674222918718,2.6667774843141148,-1.2293242997465363
0.4812901684564239,1.1915435500194422,2.2267392465898124,3.0513422013717224,-1.6785018447017046
-0.08427159196541575,1.0568339618465854,1.786068104189714,2.9664383864564665,-1.1159940072325862
0.33551033523987783,1.2300712823941806,1.9779636368076177,2.9831330556294815,-2.0834475432872486
0.30798054975425254,0.7876449870849175,1.7446985600187026,2.808998839054624,-0.22705535631131393
-0.11641755093905444,0.8076533606544728,1.627053158199411,3.20239810207953,-0.35868125492330155
0.24921151230021213,1.3402588570101526,2.1208895363500284,3.127557626018776,-3.0113431800450337
-0.2927474522969021,1.1480266108268133,2.102068360039583,2.6582960752538556,-1.338689864666197
0.018668044576757994,1.123474567176331,1.8420031447797596,2.7702853743370914,-1.3976738643029323
-0.007700341651271625,0.9859249370856449,2.215876753318733,3.2824439451262744,-0.7371980127914481
-0.33465874241930277,0.8456409901530423,1.8971620353443122,3.0683570433938794,-0.35268879999167513
-0.0394573476134258,1.266319525349676,1.9014151205610603,3.144459489548315,-2.437721090484908
0.2684888031490276,0.9908971599805416,1.7985411539410179,3.30675592537481,-0.8713732966135359
-0.18156859292949004,0.9621125587357118,1.9479245532247564,3.114339319354974,-0.7027136713871536
-0.27140574909267656,0.9760229182424593,1.824410069551452,2.889699526610726,-0.7431767049856892
0.015084952602365425,1.1344206520223563,1.935986335953566,2.9166229454752357,-1.4620099327994036
0.3966472664760311,1.319704980976109,2.0804121964775883,2.5188765563523967,-2.54315248517135
-0.02958800047674701,1.05609391600453,1.7888231663242584,2.9027310171584895,-1.099744329147606
-0.43267289356685357,0.783781053943123,2.313809912132805,2.6431987545299824,0.24487315213166894
0.6192281106710512,0.6967129245070708,2.009780971188431,2.8644655376214274,0.1537445209380294
-0.0070050401193729106,1.1204789043327745,1.3949633248271798,2.5961476737023683,-1.492857017567844
-0.18793809069286685,1.0368820806723968,2.3710054642134075,2.948735151467965,-0.7366345656183847
0.2782623231901282,1.0180032529002345,2.8451744722937837,2.3404708240812737,1.1158636393075354
0.3299214059185622,1.0435712827513774,2.0244837569046936,3.1827085827496466,-1.0104545136646799
0.04247432577431765,0.841572307412342,1.7897763065896157,2.7416328691696106,-0.31998868081550025
-0.0777836498375563,0.5606707199158183,2.1951873086046483,3.6988385763435945,0.025277654858496923
0.1180013659287752,1.353637822356988,2.3865165573309928,2.7914332203658643,-2.823003666482756
0.26578730786532795,0.7975123208870581,1.868886033367468,2.8436569212941882,-0.2129768348969883
-0.6238817298017126,1.095075834199024,1.9269218386072668,2.802776590065934,-1.063150566931209
0.41268533675393226,0.9987091558355513,1.5697634226087631,3.005761270801361,-0.8914506522942958
-0.00972148725156636,0.5887308393378338,1.5358891566315638,3.041797421852552,-0.055133577759858374
-0.007976499179270664,0.768394456512187,2.3937511278608037,3.3928290331131246,-0.10082658386589036
0.23836857322948843,0.722475646902101,2.4937748815775085,3.479984938909194,-0.005519617340094929
0.4562126954391254,0.9491094210214371,1.9349376108293896,3.1880125442694895,-0.6324357165161975
0.2734423561987424,0.9289321493059581,1.622797803885243,3.1103364438213736,-0.6649298297487771
0.5894642181364271,1.2110932564939736,2.174875271457435,3.372206571698671,-1.8575985442814826
0.17530272806734695,0.6119926735310333,1.6862009518655579,3.265144112086056,-0.06820617226620992
-0.01705907267660936,1.1806818570751343,2.070608200077212,3.1941565853894334,-1.7666724869833768
0.014599440321899389,0.5546730140891484,2.611372667832234,3.020019642938034,0.4643756302942057
-0.10619375606058733,1.0862839539021143,2.097667945487584,3.058180824435722,-1.1709455600796659
0.27938514146115745,0.7452439672754054,1.8997568879652207,2.908817251254811,-0.1204244822497412
0.36351241586667854,1.0034787184508767,1.6348380236716862,3.4793946966678853,-0.9477864906132549
-0.09254041010487511,0.9718515386976758,1.7444050745128095,3.0835325497617547,-0.7895757849256666
0.13427281144003872,0.9177787781322964,2.1336250981739786,2.837775151614997,-0.38960840365432264
-0.33543055791478454,0.9947008773231659,2.294869531674393,2.6553191745299576,-0.4084008837152818
0.07091655659117703,1.0056227384524519,2.0151820712536987,3.045003789164179,-0.8308307968203934
0.1405640074089289,0.7044473588463487,2.2968396139257656,2.705357508691295,0.2736762336741408
0.2866842205129597,1.127692775055431,2.530372211707149,2.9143946474509557,-1.0421869281833804
0.08990481403118143,1.1990878402502843,2.160311942470965,3.180663370952425,-1.8544255319708427
-0.10180893683043557,0.6180324390121816,2.290543754260055,2.99906115142282,0.19447257684818928
-0.03325701694393418,1.1042628793119436,2.02357838564575,2.861100836198689,-1.2366919530229894
-0.07736999388693665,1.2955482962140463,1.2702998165609016,2.778213858772055,-2.773434954131356
-0.15491376819321326,1.0434409904418394,2.1078643162312973,3.245168105431972,-1.0068414955662348
0.1812104315442424,0.8400015087023673,1.9366536304542377,3.140538652543027,-0.3521890114333614
-0.2869029501737122,0.9641484810625275,2.1393927022600816,3.082682709896593,-0.6253697958613145
-0.13066273684111263,1.2805867940663187,2.2626647433304847,3.474157049736954,-2.5090673573254922
0.29540305591025495,1.0061093515752932,2.2732563184761316,3.0953432988066116,-0.7261376501439476
0.284631540395763,0.9712587022999807,1.8912597230319201,3.4896459647001086,-0.7970595894774806
-0.17098953545086637,0.9381993104038316,2.373942763805287,2.624155698606734,-0.10416360691557869
0.20462256705677936,1.0928392563123457,2.0254907232325583,3.0911858177725176,-1.2402532980462495
-0.1271925138534177,1.031438963074591,2.4348792264658474,2.7374455813202627,-0.5056170376299389
0.21751367507160926,1.0722731272085324,1.8219289668394278,2.6275627086056375,-1.088571442704888
-0.0479885167841733,0.8711850100251057,1.7377899242095847,2.877606028354359,-0.44301630864838876
0.08184936042271564,1.191743619699374,1.8649698218663178,3.0622443942340376,-1.879501991497689
0.009010145650203624,1.100481099849726,2.1720183603955956,2.6545624425869825,-1.018452385099714
-0.004012550088059151,1.2861220274595577,2.101115217798627,3.2742507896590016,-2.5665084102064695
0.02366975211246188,1.0131660075064541,1.6267122141592585,2.5490915444188404,-0.8878683966475576
0.04949836452928975,1.0930259571999805,1.660664784867382,3.0621500296829693,-1.3408146270750616
-0.32802856237231803,1.1970914131552262,2.5414398350926506,3.4808386564381335,-1.7578168549463424
-0.6830039288508344,1.2906041834419395,1.7084306801080857,3.4755360556656774,-2.498418307015141
0.23418529874028812,1.1945201091026643,2.1165319913039684,2.9418281696536304,-1.7650385033997327
-0.2864181108574538,0.9626136142227358,2.148748773170442,2.6804918510993567,-0.43896627546691225
-0.2264633790901585,0.7593981532957591,1.7248897318887852,3.2990854655790507,-0.25521012298313606
0.4241146622396639,0.778025746604128,2.636288529103782,3.1952199585722854,0.12935070418286698
-0.09230994792258727,0.9579909466827248,2.086359426815394,2.9486267449174557,-0.5915307686563887
-0.23465902706462435,1.1738621097363677,2.169608087946855,2.767802505809607,-1.5181613199299067
0.7770189266124742,1.2436254468341035,2.2874195658040537,3.2611460117680116,-1.7854120170556773
0.13548277977159276,1.0196069432910795,2.0761486118363077,2.7382642274615843,-0.749957510690632
0.18072023100166903,1.027179400460172,1.826948711907085,2.900600433943917,-0.9547825751968337
0.13906226585438067,0.762772902963005,1.9512825226909591,3.1857872826818285,-0.1974047572694052
-0.13137378959838983,1.124496126590926,2.002674978079057,2.7659959377910908,-1.3238289492956545
0.06373117148530962,0.7786243217784325,2.0805027299023355,2.7083055059418726,-0.019286516349230842
-0.14692144836159948,0.9751075414302387,2.2096465350278525,2.972282583027465,-0.5981772389468138
-0.1341998232330896,0.7747732686075888,2.1771171348883924,2.968168530578612,-0.07055446748339927
0.09267886013061567,0.8266461126803395,1.6180877653520307,2.692738502840995,-0.33649878159064583
0.05313451568302462,0.9434449214932377,2.2210943843671322,3.21228147808761,-0.5636821653347264
-0.03761636576922548,0.7204913349687623,1.7382716542942833,3.0744175218865877,-0.16727832517359
-0.1462309397399628,0.6104204792413339,2.1030392182114173,3.02756180841867,0.09443514640010747
0.041160108560253456,1.1374505698762922,2.0261885415055727,3.317481227772114,-1.5347487828018753
-0.43951595194878484,1.035971128248373,1.9998458685000888,3.0320713863051107,-0.9252728531739621
0.5664285375540374,0.8508579790063537,1.7239277486899405,3.1444477017038133,-0.33083405677196603
0.5177822594919945,0.9043854585868786,1.9038843094514641,3.237347453398922,-0.47748465962917175
0.33742404421810296,1.1068123774302696,2.4147579926334277,3.3803953490709695,-1.2273543594505099
-0.21039081173959168,1.2831361125106133,2.0606998792745648,2.9857262861226195,-2.4818868817091797
0.26435780519668106,0.7219523024147342,1.7896296383845094,3.340246015596396,-0.18437908296479055
-0.06940091598251175,0.9202344817807551,1.3596326012487303,3.2696947850791265,-0.6872013412362376
0.13883416792618702,1.0222113172145604,2.3183150151330367,2.9511789713149197,-0.7106685276424638
0.18422211757037277,1.1003138540390534,2.422533967927879,2.95378369844651,-1.0121759939240627
0.16233203703893453,1.1403652913243072,1.8253493304247423,3.050212992096064,-1.5621798206151947
0.5812895448967672,1.3230356404659698,1.7252427436403763,3.1280964205902344,-2.857277485126455
0.08365430378465549,1.3165129860814766,2.0463820713481025,3.291348501896697,-2.854520915544021
-0.1987607398686842,0.9971337865298541,2.2824635613873383,3.400927858274791,-0.7841499401333509
0.04625645924994028,1.6209339843063943,2.095863199896433,2.7356062342704917,-6.558829757615367
0.13042899280804676,0.7908650027442523,2.0565686009791238,3.6632868509839254,-0.2915881549412128
0.10787163200714239,0.8870587203045581,1.438673755241127,3.0435398946845456,-0.5691072384262594
0.24568849613437113,1.0124479690652815,2.3583591886337327,2.9922769255897954,-0.6612230707585747
-0.11164698082861037,1.1161471628005861,2.213079615132907,3.420629556610692,-1.3766115638537486
0.2195333312717705,0.9479498891985617,2.1760113650810524,3.1389195838556696,-0.5742222304952702
-0.1696619243999773,1.0353202559739922,2.3697674670233346,3.3412915920441497,-0.8950892103541057
-0.3532840134949898,0.6959095642469677,2.281009325027208,3.2550013399990045,0.02219955833660195
-0.02883022475674624,0.7452092846448641,2.0590390862208996,3.2386929240036895,-0.14502573724861573
-0.4591632586371311,1.3517765050976958,1.9816154262614547,3.0346582397021997,-3.1127559834917573
-0.05911361410547935,0.7891853283677708,2.179898704545035,3.09121057121575,-0.14058056391122956
-0.11661337420655205,0.7740061180748659,1.7806266656289627,2.5135371156012063,-0.10686364891682465
0.16241272576906293,0.8964417477326437,2.250865709746584,3.4634495646462065,-0.46670285093938674
-0.2535778576344887,0.46343756617114706,2.302566861164569,2.709305475740367,0.47970219136560655
0.06830992444818665,0.8882601104802231,2.0117160480160607,2.8085876429293126,-0.35929120833302935
-0.3920492641720214,1.107587856188513,1.8643084987900889,2.8209923935533276,-1.290543651971841
0.30161307613484273,0.49661850050798473,2.1110088869476105,2.937631166465188,0.21411746581074032
-0.35450306589159264,0.8551378421316149,1.854774422966387,2.853239340679957,-0.3403774288746233
0.3631231693220357,0.5957311967892818,1.8759182982533325,2.163344733798834,0.4568317497240556
-0.10370305378917828,1.2057169764450777,1.8305023045315394,2.3358923356330266,-1.7361718226175238
0.15667914830271396,1.1337515933098812,2.416168589243175,3.0625203207326632,-1.2642019099986308
0.03566445925079188,0.8809220306867103,1.6374497376034092,3.208695599249939,-0.534391039273673
-0.04958157806507522,0.8162027673256043,2.6041843085393035,2.946305949149193,0.16654613449787448
0.12822025662661596,0.8627598534852852,2.3829102371630713,3.03361274659708,-0.1730870368127338
-0.2920644227061844,0.5794381503109094,1.897294533456051,2.9347816670092026,0.06922630845311943
-0.08517108007164059,0.7886171135787504,1.9827486267137526,3.2899126476187757,-0.25480123179922926
0.0716402407296464,1.2363951040687635,1.7498488052405998,2.9552434120937026,-2.213892506968114
0.29758469942479226,1.245129151458232,1.841211365778056,2.869901913778399,-2.226319451554327
0.171137778261592,1.0892062753673148,1.874761911932286,3.08669628599755,-1.270532146821391
-0.13577371359818202,1.2049587200037344,1.8275516001753123,3.314603604832009,-2.0153308052152354
-0.3718676143303463,1.0587508954790055,2.0786689446557762,2.7742570857876694,-0.9222367869075172
-0.3344875483080321,0.8496244341700578,2.223203542032108,2.7886777214768035,-0.10462045730391456
-0.12474656719659806,1.0087670213089153,1.9713476103330105,2.608660192829686,-0.709165755016724
0.15164153994805557,0.8778364311214797,2.04659926011601,2.5730351201506547,-0.19302493295095058
-0.5796376911549582,0.8927939325130846,1.8923405773770452,3.188076584747409,-0.3983241048299504
-0.08453627685881174,0.7937171235509946,2.403049861607755,3.2789506763329084,-0.10835512236694222
0.13878933848910216,0.7025196683134075,1.9058068521205183,3.2684688678492924,-0.1276098977221114
0.35198704231070127,0.9334511993183915,2.434882466307784,3.1745841205392034,-0.39779746108368286
0.4204566813486519,1.380222938244414,2.1744941469264814,3.298986039653835,-3.409070524866245
0.04485999275624026,1.0936630106448588,2.106175011984598,3.0064446612723223,-1.1897880860242063
-0.1762904266851494,1.0319656003578874,2.110223239532605,2.9653068773362827,-0.8766899436268931
-0.2140192547821824,1.0731249764683781,1.8813277648599844,3.1681154576024153,-1.1997258071907992
-0.16864280512673363,1.0192818454999575,1.6408293737540354,3.268846404759535,-1.015092417990196
-0.09191756446795217,1.3408468504143518,2.1554608659289185,3.196993435187142,-3.0256360448178734
0.02266802557872025,1.2017306626191473,1.7468822748604613,2.5633248051058555,-1.8698930220031493
0.05644734083924127,0.8152037127003653,2.031342553801716,3.2858431684981797,-0.29556125370778186
0.2557919615380985,1.0968126293692682,2.146829469835283,3.063366914173028,-1.2017136884262363
-0.3328062612498549,0.573868713826348,1.7627165038550907,2.936271912935384,0.033693379043736996
0.35936714067726916,1.2457977986376387,1.6999712049406788,3.3427262469823162,-2.325173085090111
0.16442773426240603,1.2700325855471402,2.280795965522612,3.4585855105067695,-2.411856249814976
0.13975631250884335,1.0092271712149465,2.038065996179226,2.696739034517863,-0.7108161512821769
0.10650463418611211,1.3800291828352997,1.9243200614302243,2.734870129805988,-3.3818067067885917
-0.10184230905317006,1.0898726826340148,2.0635368525249147,2.862220468492339,-1.1406449661953544
-0.39675989479932133,1.2503914349548633,1.9539252234196414,2.9810563839951825,-2.2351195146530487
-0.07809779255898729,1.073322329366845,2.045784567493347,2.9787000473002085,-1.104613500237582
0.11577270167908285,1.3737736513633598,2.280299424346562,3.09644021034184,-3.267433492330662
-0.19573827485494366,1.2118712202847295,2.526470150315515,2.9624249349386935,-1.626397477357541
-0.5756408014049176,1.0368223595711188,2.1271491837352645,2.6649419663371865,-0.6399050033760809
0.06192431022167812,1.3058313348957529,1.3130415686271624,2.933432262207108,-2.867533921000316
-0.16657996324529342,1.072446178165933,1.8637319108464987,2.733667652947307,-1.1060055429106954
-0.3342197097748615,0.7692622938334697,1.8679836263316978,2.901872797810986,-0.16600432465663623
0.3242090187665556,1.3509144321495525,2.1087693832344363,3.148398938406225,-3.1182064252415547
-0.26575233573066814,1.1485782376005598,1.5509974303062315,3.2526551328821256,-1.6836849911656704
-0.017546356755393427,1.2383626264302823,1.970668880196335,3.164723173054536,-2.201398083176804
-0.12321227439749413,1.0495134051712005,2.166346980035592,3.13943189928453,-0.9862947851517055
0.09716123584895761,1.0144780528555752,2.505477647358153,3.082907569028648,-0.6228583539039253
0.32013327858429835,1.089685296743083,1.6676763102303895,2.854814837844933,-1.2830000123109928
0.022999362605328092,0.8985019089805903,2.56012682987795,3.1215971975568455,-0.19932564047327617
-0.22269534220062678,1.2394785927599654,2.0861217774535303,3.71261073624189,-2.2580927110764124
0.21293449644136583,0.9637983842838196,1.9850769821933874,3.014650367962325,-0.6728113759482793
0.04003892568890501,0.8644389829199846,1.84317075168775,3.1356900103429584,-0.43900758941278983
0.364112489060574,0.38447130359557957,2.134552329121686,3.209226480658308,0.19144242635027114
-0.18127701089363624,0.8203402453064138,2.329868757127484,2.8015563335194815,0.02653809032349136
0.042611406164864016,1.1856126640188196,1.983307612087304,3.0109122286921663,-1.7876613431057697
0.008571575754253236,1.336707686246461,1.576264866679957,2.9313716227841056,-3.1090041496384844
-0.38960427557382893,0.8399743223844462,2.1396898271829166,3.36286080369561,-0.3108740674602264
0.04853517994956251,1.2385787841107607,2.4653620169930366,2.9964505235795724,-1.8951464968766796
-0.17976653404045284,0.9378536644592345,1.6596772350526505,3.098736949653098,-0.690306536235394
-0.3392379585176805,1.1289533119364596,1.8807996956363322,3.0710603473171676,-1.4705220351988415
0.13443446072372958,1.443537363147367,2.3864113649045184,3.271194385015904,-4.058655506389993
-0.33204248813470877,0.8179133119132519,1.8424480713763263,3.286778384537624,-0.3366402015337801
0.3241531799856491,1.0833934695281109,1.6980592041375022,2.837481076600802,-1.238371572038427
-0.21025659310878278,1.1147716710715925,1.9398364421706848,2.7427800532793647,-1.2921831104197814
-0.12489560275898451,0.7259320426414044,1.5417635505591294,3.5366334445847083,-0.2413448449656772
0.2648632940562486,1.1398044501228863,2.207014006188762,2.81222906997458,-1.3035498693476402
0.5792137709722007,0.7286780026760664,1.9901842469461322,3.134118024843175,-0.006781569756507927
0.046429935490448535,0.9570758199429806,1.9887100610602166,3.441759433648461,-0.7275690919756648
-0.03852146016236434,0.9984005833327323,2.0030668299472847,2.5869937655644457,-0.6341971283027089
0.005420875296343788,0.8140463055655036,2.3565912583596336,2.7175158956405365,0.12638755535243235
0.05962328832879664,0.9734658299420813,1.7072009321545152,3.2041112313003492,-0.8174058018759192
0.09217899646289476,1.055390571809101,1.3614276629205957,2.992682839970988,-1.197759212577126
0.014629805312021703,0.6970411377947732,1.411331884791777,2.9722417970416037,-0.1852290444963341
0.3034829086010371,0.9998490011400495,2.0596072048961815,2.9373178885202496,-0.7491815730575468
-0.22682648660150737,1.3221079831662947,2.074725678968622,2.9505177297077365,-2.808266664707532
0.514422598701013,0.9477014915014009,2.228274045422453,3.0569928441387897,-0.454331921406162
0.03297724774624258,1.438898259020917,1.6996303028313302,2.84302883825753,-4.158941780242968
0.25261441243369026,0.8595828633812026,1.7461602031527907,3.1269383914088467,-0.4446322550254751
-0.04320447920597142,1.0968825442022103,2.1743612130433343,3.1956240397397386,-1.2332291972675384
0.0044370731383555845,1.1690745134819966,2.2391169532602655,3.1093417132524253,-1.5990388414333503
-0.02853765553164621,0.9548462803104105,2.0344548071949964,3.13100738313546,-0.6529927295342547
-0.14047493389522497,1.0285121970436586,2.1266422029492116,3.0624508161709656,-0.8860885341715844
-0.08476930341866092,1.4778461289720175,2.2184175789461746,2.8099706427021034,-4.381454155844027
0.010423514072151354,1.3188528037719989,1.8677295848032156,3.593379609450624,-2.952430762582674
0.40636056608425797,1.4108416811303572,2.1216186942552344,3.139300239013225,-3.726108835833583
-0.08105028811742451,1.2354900024612714,1.4823031925271173,3.202149190162182,-2.2840444324882525
0.1787995379804786,1.2098489710684948,1.9679522879524394,3.216301869312264,-2.0013345022445046
-0.09754231276312934,1.1691396356351438,2.137693233221906,3.3918767831185854,-1.710522027607496
0.271839814967022,1.0958972392528528,2.094779209882059,2.7742737741788797,-1.1118638742370404
0.023917724915320782,0.9769141354758872,2.0862130946046777,3.2823799004457648,-0.747620381899504
-0.04417961168989145,1.0862976944377594,1.6473657952783447,3.325104930651012,-1.332249456988662
0.11338938811784291,1.016993412941328,2.304901821519842,3.055647611294784,-0.7458204991502237
-0.3359825772262224,0.7782678512611507,1.8515581933016376,2.6944901652445643,-0.13116238961437732
0.0724476014026214,0.9041977861902792,2.1122725407233527,3.3069811893170504,-0.5019532744427992
0.1905329328986999,0.4653311448736832,1.4678372464501415,2.5890076501366623,0.05774986554829877
-0.1746249450631475,0.6333152417766243,2.1546380546377817,2.8150593345660213,0.18325798716917371
0.3516723133569273,1.0176208000409452,1.705715921778919,2.999479140183834,-0.9524942769511124
-0.465327006581931,1.4062369195176134,1.9667555318062475,2.8788963945462114,-3.645810526832176
-0.16163737496097083,0.990263291143755,2.4091457687716913,2.9258895402981593,-0.501292745886675
0.466412171616948,0.9065984213280336,1.8113046426677295,3.1795554066646603,-0.522912376376545
-0.3462163634306294,0.8845365972181446,1.7661230961570489,3.0268119142181096,-0.48187410073875936
-0.24432082823523005,0.6348062897909811,1.8617218488483325,3.0357859339169737,-0.01738811284071437
-0.4303377967809794,1.7372812982128027,2.0294197871017112,3.1643706534934335,-8.905735804910945
-0.20345378208800036,1.1249634050179609,2.21391332091109,3.0143970265425293,-1.3089198865875884
-0.004156553853146379,0.6781257874790192,2.0024567605935757,3.1171106989031165,-0.04115485107787556
-0.2220896707051296,1.3569671360489095,1.787240010568233,2.7843960023621666,-3.2184239938223405
0.3468942468236241,0.8975274246579348,1.953369924975695,2.855695285849118,-0.4155164015968006
0.07904218068432192,0.8927742436127843,1.685676805288959,2.694739699303715,-0.4821237442256977
-0.03213881413590699,1.0141718563438538,1.69594565359121,3.2519153729359007,-0.9839268433246171
0.18753920462095425,0.7316662491010079,1.9844550924964586,2.690432143503176,0.010642824029622022
-0.1004966250982132,0.7181244188990884,2.1496558763334184,2.3647436021461914,0.4170251028106765
-0.12197307714196465,1.0507017588771168,2.133666587860121,3.026294854139418,-0.9714441956935265
-0.3051986185105594,0.8659085968812719,2.035008702624874,3.5709948460891874,-0.44805541482071637
0.15346164884780902,0.7180745143586093,1.824735330047326,3.2204469702177985,-0.1622500854086667
0.2523875330881409,1.1105210127788814,2.1496646209572656,3.007605799755345,-1.2558898430120307
-0.4743393479797262,0.8865674519876516,1.9722310939234158,2.702321887712331,-0.28345949815552735
0.18045367031376072,0.6123919595045426,1.8585756295968718,3.2202016456630727,-0.028616870428490288
0.12082264772758274,0.5100441692741697,2.003077145980991,3.0026322800924943,0.1305909662603153
-0.27470570264617317,0.8781668154711376,1.5335147015026311,2.8009095914268913,-0.49916147550881756
0.24697709808722396,0.8692722949335435,2.4562803365370716,3.160201852812305,-0.2022964908813144
-0.12058560990271026,0.6420074071541626,2.046072484455813,2.656900984632326,0.18203270501822277
0.05600900950941283,0.9354644232830299,1.7811992154577736,3.6367519981469885,-0.7082357580671526
-0.23339000392712753,1.05726872160416,1.9031375896028817,2.510833769451887,-0.916475934561612
0.0025694038492501876,1.1948930601188197,1.8734582405806395,2.7615852851074414,-1.8267175950237273
0.4548946548242351,1.044819609794093,2.1937599015688805,3.1578200223201147,-0.9159556684515371
-0.021945121947952652,0.5961736930168309,1.9482865333155368,2.914252163374486,0.0734320384397297
-0.13992960046726985,0.9740476030164794,1.2458853347922876,2.609246241028828,-0.847796835104466
0.3174540346906766,0.7408884407878136,1.625557615619969,3.17366704500176,-0.2223245881325126
-0.2595698434362094,0.7597423642748262,2.0195157009140834,2.5474801676199634,0.06632323445191846
0.4069023608763069,0.8989343856286965,1.97188555375187,2.9615396864967916,-0.4290423597330151
0.4770108880333875,0.801915001125124,2.1472839021780894,2.7331254569316408,0.01923343331675359
-0.14229032876609218,1.3830055663025718,2.142524885928599,2.6179613549941094,-3.2094371668606505
0.17412990162628122,1.0258173396579902,2.4031036719857255,3.15903650946742,-0.7715521660295561
0.08399707566054875,0.8718426342260349,2.248051311257609,2.8316837170695837,-0.18048325703842416
0.01901631747855052,0.9038413426535751,2.1978599762657067,2.6134958901525427,-0.16720872058912728
0.3323397825551248,1.2441494380879057,1.7072651394225125,3.3064358667705283,-2.312736861221028
-0.17625559629836882,0.6687332198140852,1.8165664388077492,2.637625824104792,0.02595797138758596
-0.047544884939395474,0.998965815964921,2.205655640281767,2.8871391033142655,-0.6552368370081965
0.0877621657984905,1.0976513400226777,1.5545620304510603,3.0163150012965256,-1.3810217825727644
-0.18066581375499818,1.276485096112676,1.9741592018117764,3.4841543680655267,-2.5508536305615848
0.02381954684643154,1.1522833625679227,2.0168901268235677,3.1627668812939196,-1.5975668559675438
-0.19790011819409511,0.6203972128817932,2.1506039361901554,2.6623583247680527,0.2791621119213291
0.15541074346391742,0.6505708159737627,1.7532276541594152,3.1301095619174117,-0.080123583329988
-0.4450301542101755,0.913046399450773,2.18119550079739,2.7550786992443075,-0.2628899142568699
-0.4841646090386339,1.1022886106861036,1.9953999032672893,3.4573597961503904,-1.3104184567089474
0.13356972137941064,0.5505525287500779,1.948162031734634,3.0874427277577183,0.06697130205324096
0.40092979983218335,1.1461253320971014,1.9331290611244158,2.5251200764964405,-1.3562237904295258
-0.13242496639325083,0.6811380213274044,1.9209385017833092,3.1713374522575153,-0.08032907886969229
0.36967725533948353,1.0782165712320024,1.9792205699108658,2.9657827497427025,-1.1345042925262798
-0.13510100525480367,0.9839414264289099,2.1145959139366197,2.865058375840664,-0.6402236280767541
0.13760639783561276,0.8928847859266853,2.1720823291808427,2.8227635964685147,-0.28464211738570283
0.05359853907943702,0.6028282908887819,1.7717977441663972,3.2664423258418496,-0.04548487933356554
0.04136405504475755,0.9244506702950164,1.8012676441876692,3.4765257201080826,-0.6582875562023502
0.3601498463359356,1.011814770604188,2.14797893454789,3.0539369688487614,-0.7865532680278498
0.27191077251742757,0.7115397269277712,2.1043645987150406,3.20019020368609,-0.06388806616909731
0.10317786736891447,0.8208785989981311,2.3972023130204065,2.8969685358692,0.014911220315507068
-0.19751580126494866,0.6711100139524953,2.401365212153742,3.493639887634035,0.02188546197228905
0.13624834246682213,1.122408433794654,1.577777587310877,2.9453297751048177,-1.5044062454047122
0.1396548584806589,0.7839111727864336,2.359698356427989,2.995377741359205,0.007890412841328298
-0.08981283645690875,0.6023853821892848,1.7906099558133513,3.0454232240008228,-0.012095719951003198
-0.2572259667803291,0.7149092124894861,1.6146913601814323,3.012553655661052,-0.17430910671070268
-0.6224187111520117,0.8504952546178901,2.0947157525374407,2.6735032716486664,0.003716573386358335
0.38101319543766077,0.7303422961551,1.6163557375129034,2.524010016335258,-0.09525724133269275
-0.05371998971693395,0.787006854704606,1.75754017444183,2.9985562092075226,-0.26559846881703286
-0.025973738080419154,0.45066691376707313,2.056142382408321,2.8406910850361284,0.2332343675520014
-0.24207049552561063,1.062060478980773,2.0248813703897173,3.0777026797956477,-1.0815217430314679
0.07411923126438393,1.0543629952199134,2.1412497850110817,2.908183894226833,-0.9419171785568915
-0.12393960887520777,1.1941203589673048,1.9603668576811022,2.956894791324113,-1.839822207783338
0.040999615088946,1.0825635817015782,2.044792658486317,3.1813736054659114,-1.2027870765315578
-0.1395203098136744,1.154202634738424,2.049935706304852,3.2098493451882835,-1.6079847163983387
-0.015221608712636933,1.0983907993435857,2.206211058333499,3.205902679149134,-1.2312732321016655
0.23050670910838353,1.1112624313351818,1.4488381254268967,3.0427218108279575,-1.4707572374726576
-0.0446940433627305,0.812456918127765,1.8064669392221917,3.143692938148762,-0.32667644942788376
-0.08082467310511719,0.8668141727276754,2.1689672839123975,3.0947437248951437,-0.3232338986522034
0.2034710215133771,0.4772274053159541,1.9985690215339258,2.732977178865002,0.23582373273558238
0.06733856218716162,1.1154886269067719,1.8715570566574857,3.200146587515338,-1.4313132457834525
-0.03936039848989763,0.57001437419374,1.8274978673982831,2.491842199782454,0.18372970072900835
-0.17599701243445132,1.1498225526156425,1.9607590619865074,2.93278626079119,-1.5471768500600216
0.0754990800052939,1.03878096281965,1.8560682873041898,3.030563530284209,-1.0236545451847323
0.23242035244222878,1.0466138303081123,1.7958663923094007,3.068109512719163,-1.0795991845929624
0.08861125611168778,0.7158748744751964,2.0437471924914616,3.1894549676318644,-0.0939765900539351
-0.11799541029200558,0.4003235440287921,1.6352725562501362,3.224226883539463,0.040680474813765514
0.5739932338311412,1.1993814692286826,2.3532875866518927,3.1022678521603546,-1.62966066077077
0.0392987407534918,1.1256306245777679,1.7500150236218401,2.8823317067235354,-1.469507700044634
0.04908935469094006,1.1315865278237256,1.9211455881673736,2.668882510697846,-1.3711568742529296
0.16285796493114113,1.1131104354822507,1.9162911672966483,3.3429666850121835,-1.4264806696017092
-0.34685384284797255,0.8277166960395493,2.058030220672717,3.2705516149409397,-0.29811688885083204
0.031525547426024945,0.9791722782054713,1.691062564078957,3.0128012543336053,-0.8199989377632947
-0.0622138356890159,0.9949121011747891,2.289560552603341,3.239269983658313,-0.7302023738715011
0.30297391297794996,1.000909148831399,2.088715560651263,3.0961030284534434,-0.7880795643811164
0.06264287381467687,0.9679723139256318,2.1969328146039895,2.8884898174355707,-0.54325359578329
-0.18627955525899945,0.8487377784255651,1.847729484112046,2.676219762324077,-0.290477992195471
-0.06654474501420135,0.863091743694688,2.5645544224408225,3.0081180909158047,-0.026612314313671614
0.10270079638115602,0.5884828202120669,2.3140546698594595,3.498525318988704,0.07158471010387561
0.21351596372026363,0.8687454313407923,2.6869995425996316,2.778702237690803,0.3068624120370488
0.30208584621768547,0.8648151801725736,1.9171808096624163,2.6332427359522335,-0.27004609142118546
0.08244383802906269,1.0016611496999892,2.3937218581658,2.9110501789465983,-0.5494257608590678
-0.15101898268079758,0.9586464910693715,2.0386579749249476,3.2869004427127395,-0.6960569120040057
0.26269598552240464,1.206706697844009,1.9422328069366697,2.922208539582917,-1.9204382043595027
0.03086677120748655,0.9799114051948696,1.5300853527617435,3.0800932112291863,-0.8611351748369669
-0.29028374982506405,1.1028622452348917,1.988525936087874,2.839933213408837,-1.2319208516689395
0.039113479790314765,0.9101299299339451,1.9388214303714566,3.123860404345966,-0.5377557855733464
-0.2742990443784857,0.797555848744812,2.1330438261590077,2.894826983451386,-0.10416898882605613
-0.3117825016947789,1.0216720642232602,1.6145151233720552,3.0835687711246584,-1.0049434901759964
-0.40994736781449737,1.3398723202941627,2.2014381662780544,2.8617469572797987,-2.8445197615037183
0.2043027655639836,1.1343565923448402,1.9096677516685308,3.1122750320313988,-1.5122728596806474
-0.40051020546756666,1.2085964553366764,1.9916412561768764,2.757926926219326,-1.835964116675328
0.11193083650725182,1.4212166136121716,2.148019256424291,3.281971620670209,-3.8961735541285223
0.04916362916923037,0.843581146208254,2.0514153091262055,3.064416023777059,-0.30558257187647764
0.039899044333929566,1.698115243600384,2.077262280835692,3.3371024021638447,-8.16498296672202
0.5667307548227012,0.49215774049568806,1.6119065770271903,3.0284930241573638,0.12474033932772702
-0.09885182374954202,1.018579377013225,2.315924385594144,2.895333082291805,-0.6669608700472072
-0.2451162689104988,0.9544069272786868,1.9699999936297226,2.95246611032607,-0.6279056111928386
-0.0491754454027344,1.2156756402080582,1.9150222152879575,3.453043418452894,-2.089486674169668
-0.17992108331743548,1.0241935330746414,2.164954443532855,2.8672739773657776,-0.7742690324342338
-0.3410480717382435,1.3839431934539466,2.2639432044625045,2.8763188501442767,-3.2710324733355174
0.33928566006142796,1.2656327741000437,2.1522270853489016,2.748995578007418,-2.176883162660587
0.6328186464276871,1.4477313619811314,1.8510923329535622,3.1802187785369895,-4.117753651097864
0.3258174771292046,1.0982757733739974,2.3382027404402574,3.159043017993948,-1.14354447294363
0.384595070349606,1.3510154261366445,2.2118101048309917,3.138789762569411,-3.063061229802651
0.07348590237684968,1.0465855840153533,2.407990552040779,3.1483368105471663,-0.8575322716719228
0.08018890732430078,0.8440077144037907,2.3391607921821262,2.7365879546266343,0.026429829551248285
-0.1344477144031394,1.1528692978790744,2.114135866554296,2.4935964276599054,-1.2495140570536858
-0.013798727062382436,1.005214645694386,2.160059690085339,3.2322824210705248,-0.8215760502396243
-0.20604212578185485,0.6332151884413924,1.723594788129697,3.154146124381236,-0.06979890808559036
0.1385182815049752,1.0164140205140184,2.1294731745323285,2.829579113659136,-0.7461466083297958
0.032003953027339035,0.956708459585476,2.045341793594423,3.0141692649540874,-0.6257288009177687
-0.2119640633577622,1.1790330142987273,2.5085521473733015,2.925207554417679,-1.3895755751561296
0.4846297404253117,1.003878834976256,2.0461699433742284,3.1791616589093237,-0.7888441815037325
0.10814529186141604,1.3520127005175135,1.8229005654013306,2.592439329141204,-3.0967563377546643
0.1611535913218002,1.1886106748801402,1.9729358682382148,2.9841695138598103,-1.8042614130577024
0.1645298700676811,1.1464921419478669,1.8466154385974256,3.1897404792504003,-1.6147037738956265
0.02536017213816915,0.6557945856849239,2.0127191270358047,3.0346954318548,0.008539301693983287
0.20291061701395438,1.072400101511821,2.1244274400260608,3.012756221886422,-1.0736653961384233
-0.13261336590106546,0.9860158296978964,2.0569358425538424,3.010383841560186,-0.7269471032486636
0.24825132531544186,0.9544230082130596,1.843623372683569,2.428307256243074,-0.4937260198842954
0.12248228824279053,1.296630735287469,2.069589993689892,2.6234356012599567,-2.439073499162345
0.1333440084143767,1.2097669826726332,2.0042808202667226,2.873428718224969,-1.9049032168875595
-0.22132630829535382,0.970412691064899,1.8451057520145644,2.93749490282803,-0.7287409822617625
0.26913541040127315,1.480419572669529,2.1011125498910705,3.0254036256439227,-4.565419412954596
0.008545647314737002,0.9081315885548675,1.9254464762397971,3.4967501697012096,-0.588202860444089
-0.09988855571753666,0.8410288756788652,1.9353350882775304,3.0307093363287003,-0.33393268634170015
0.1872920070523713,1.231489903126974,1.7969701486853142,2.898022490424568,-2.1509182232063795
-0.3373623758639511,0.9833655053667122,1.6180926066853265,3.3306303040206604,-0.8664436969445414
0.3961385076770775,0.9568024849618322,1.5314660462464018,2.7487964396264473,-0.7171098088884875
-0.1954525179570935,1.0557507623163622,1.9241137681988159,2.804856769491863,-1.0194430327440451
-0.21387741152795922,0.580791539895013,2.4186240048378225,3.540816545330182,0.10600914375748843
0.21332240037402248,1.2778407061367392,2.0939853615398962,2.7649520787444257,-2.3352552507438697
0.01632483692395023,0.9247647915407768,1.9275016092311832,3.4520387195292814,-0.6341474673712569
0.31503910503798704,1.3894317333355712,1.7419553472191946,2.6425677229459823,-3.5282409947028275
0.058406231195733384,0.9228148158714108,2.03080580032468,2.4881104448855096,-0.2813812626633637
0.10123340694136339,1.110553354176412,2.018267701178418,2.952645216648063,-1.3026866026801704
-0.19388290216704238,1.2610818967981423,1.5658645357688639,3.1579020174075056,-2.4672750685141804
-0.27046812370944434,0.6212644011607684,2.2091412847957783,3.639376933694464,-0.0078566868880795
0.022906020188444322,1.0344353376163846,1.7805349322518567,3.122768816490312,-1.0393284368246583
0.14546250139171255,0.7089195403604946,1.823473845348972,3.293353809491272,-0.15814380542639064
-0.058803920269499675,0.8405131288263634,2.328824320418727,3.0604307498583356,-0.16379007610565754
0.11564954351990463,0.9657855543127803,1.9578602094030217,2.9076885415995384,-0.6642698849588975
-0.22246729443660873,1.1202984730406413,1.646969759932451,2.7446757260108514,-1.443096199455396
-0.06834271832423698,0.7156112090487707,2.0674350508262362,2.688256682718463,0.08759595957987637
0.3039750206385131,0.6985524878116899,1.7972632115254388,3.3936100386973163,-0.15091409410237255
0.01436888382106923,0.9874969219604467,1.8693843575846238,3.1853185297117332,-0.8322909776294534
0.36834858725541747,0.9487830100331238,1.6036126092867595,3.2447142798349384,-0.7322701451762388
-0.10167966523842607,0.8158905744071941,1.9327293442682576,2.9757292131536692,-0.26506441370981365
0.4067646937448813,0.6522644300241147,1.9078334112767599,3.0797941703885585,-0.006373876875935686
-0.08785208212564795,1.2393228167246042,2.3540124131600013,3.154810809297919,-2.049008147654879
0.09507790435667833,1.103074834405337,1.7656915063509213,3.0776874883029044,-1.3721243525516547
0.10280731603002803,1.2933442844814769,1.8168425904892067,2.7110231853478504,-2.5962314057929787
0.20540451636249885,0.9972394788519955,1.5410804466124703,3.0793226125834225,-0.9244927230201423
0.049142097860309264,1.1493172211903802,2.0442793096351735,3.334914651592655,-1.6036545466720666
-0.1303705215829284,0.8393227219688767,1.6907360923133536,2.995986717068686,-0.39455401254011185
0.06505132249323313,0.9508035287395702,1.8209601768130979,3.029417388681498,-0.6867010116017276
-0.19990959160901686,1.059043525070857,1.9411403230770803,3.1239188804063764,-1.1072460978120628
-0.3872929339083677,0.773097646224469,1.7011013048098038,3.550255087214406,-0.2820138813395342
0.03821751246479949,1.1412994755062467,2.0716916340484417,3.045147055601221,-1.482448497730264
-0.14452039827953198,1.0955551988378724,2.242030128908536,3.069041830540382,-1.1553331427505982
-0.02369526953929796,1.3315631725996864,1.9713724960951462,3.183452476565222,-2.9966876542184866
0.24576988507948122,0.9225127921711188,2.033158542445669,3.1129626126873324,-0.538637676795925
0.152926622942219,1.4456742093886588,1.4948892884676104,2.986249825040857,-4.304648113469266
0.258719088529987,1.0962630068569452,1.896033150676305,2.9417397272498436,-1.267254469810212
0.0872921769825045,0.8311879998435883,2.219989090792553,2.3914392194036713,0.26537073762327645
0.12760455582608896,1.1399489979134674,2.213007374155692,2.773748177162438,-1.2831985015905163
-0.23154882867596344,1.0202230961205312,2.0088473340855413,2.898587202412638,-0.8498077618708838
-0.018995126624834366,1.0293231015473374,2.0839971217520663,2.9368737336719097,-0.8690124246819007
0.0886784713405851,1.1871379301296874,1.9616018864958917,3.051555034003373,-1.8153054950955578
0.11054214483768025,1.0533881126857014,1.9751315868832098,3.175974474116797,-1.0815407930799816
-0.07443970701435869,0.8475392581116354,1.8481698843512624,2.8146134296810192,-0.33005130399586724
0.3547517523189138,1.3040704750968368,1.637323613637533,2.794668896488436,-2.758382412553891
0.06488952632977342,1.2138553188634431,1.8268150597962345,3.073641367601475,-2.0462357445810797
0.012712521465162612,0.7526483191157012,2.4869767706493353,3.12058767289931,0.08250608906965068
0.061763424112775515,1.1121316897294578,1.7446986433993696,3.0334228007757353,-1.4203175500460283
0.2082389439158259,0.7072212556278357,1.4539553743677889,2.7542537516331578,-0.17062312841161742
-0.46906996308436,1.4488525976651878,1.397098235055041,2.9492520214691917,-4.3077620890003265
0.5202691035065461,1.2096903382932234,1.5975118420792127,3.0222987737297915,-1.9900680041318788
-0.2172032405361017,1.1000278697748842,1.9646433702149682,3.3901028159625257,-1.349229358931967
-0.04528943682682481,0.6891433682837017,1.7982591997567094,2.6531296144465126,-0.014498342295362315
-0.2222948884907303,0.9775301723840532,2.037860649579974,2.5523907564119708,-0.5043046434650666
-0.08154447805026038,1.187685095601977,1.7977597482004783,2.85185119374876,-1.831823072469433
-0.08480528910415934,0.3776620932918101,2.004727989187129,2.718936119724287,0.2752552754669204
0.10302482891332486,0.5935506407812939,1.8126555478639639,3.416905316028907,-0.04480353357097604
0.27449123322732083,1.2322547653388394,2.0261290373387775,2.8966064665812445,-2.060626521118323
0.08916794943242082,0.7671333268619571,2.2879190930908253,2.9420659089491705,0.019462231072239877
-0.30562622938357425,1.2004729047263833,1.9791808679662601,3.350320519711847,-1.9463599502197924
-0.22716845450916545,0.7000021807735195,2.1099542147816406,3.435154414918885,-0.09510638312445807
-0.07679879592762846,0.8375045430170467,2.5337934397703608,2.8573183683545444,0.12642606925506544
-0.20480627956315606,1.1068237515372734,1.477989302675271,3.358369303169595,-1.4614975724635568
0.007490925190783607,1.2589633940480778,1.7168121449271125,2.9882415329112044,-2.403239308762659
-0.002986387015972314,0.9333903133188618,1.9866594712618613,3.2164192779960343,-0.6134729443432333
0.029637476620485444,0.9490066394986423,1.3637797177685567,2.6362201615523353,-0.7394814687353046
-0.3028461612610834,0.9303616473511129,2.0308676265754597,2.7282466591415937,-0.43376660999040895
-0.2665140969871099,0.7755305749694954,1.767870614213577,3.1188855652105336,-0.2534644989848537
0.05541365257039003,1.0666906976159691,2.2358375650270066,3.0939006359974854,-1.0219138505027892
0.23855694805603905,1.1061726614339717,1.8419945161583744,3.1799695899230835,-1.381422165640335
-0.1361929200979885,0.5180977412354131,1.9723221552360641,3.4273700936370894,0.037956759975531884
-0.1834809335950004,1.211120412479871,1.566505919691677,3.0040427246048647,-2.0764618748669625
-0.023639502492053883,0.6238190376593655,1.8048546385718351,2.5724515930029095,0.09087731555054535
0.18693130186995113,0.9956730467008539,2.1367984995731195,3.2945639901773234,-0.8046283047119
0.21956194197408,0.8573818290586688,2.392397200231609,3.1336411353610627,-0.19832162146466964
-0.09299950167602739,1.0257734754683996,2.4530968527477546,2.856165485438987,-0.5629152835101213
-0.0611595966886075,0.9819240192138629,2.220469088332485,3.0972172576019057,-0.6654436926156233
0.20479969368399145,1.2974359765808297,2.049175108590008,3.008735792579577,-2.616705542866357
-0.15029842728907158,1.0345865719803513,1.8543198531577412,3.1798263253300725,-1.029535805928129
-0.11132769727305913,1.4670876436354505,2.351987944685205,2.605117809639972,-3.9680384162918965
0.24489562589717023,1.0334876876691845,1.9997958878580329,3.28661547062274,-1.0001624302011831
0.03614756987892816,0.7791236161376638,1.843032455647382,2.9739408091273942,-0.22098448485092403
0.3102011756188027,0.8178094783530636,2.124319184601059,3.001985941751687,-0.1872987075371051
0.14685361278600556,0.17478657500785288,2.0533365516653554,3.0200441613466706,0.2132233322468327
0.2571420165998663,0.7479258118907186,1.7458094103872284,2.9807508802266196,-0.19087332415321578
-0.03857872929884158,0.7920900483705378,1.9720743802214458,2.741495201410701,-0.12587842114585673
-0.4767590131599691,0.9916826940104466,1.9461493784667532,3.3504247448973503,-0.8016359303368342
-0.07271451295083699,1.0078446124379445,2.1887937941434665,3.237976128797618,-0.822924381737928
0.014136054549590089,1.163630984024925,1.9784563149775432,2.7710394423106197,-1.5735589731553943
-0.0700905682580453,0.9667369366675989,1.9724995430439696,3.4452063241457087,-0.765966141632098
-0.12904189988073522,1.2639327151649231,1.7139848421940476,3.33921939510473,-2.4823975824859357
0.3688659213716533,1.0842160147794202,2.0018730809513428,2.9096840140797102,-1.1392854165233
-0.18620014787478134,1.033615553361295,1.5759123123503909,3.218828540000159,-1.0827372331259526
0.09375747150235648,1.0146689700746068,1.957653056080056,2.881714014852904,-0.8469220729665907
-0.06578552963402519,1.0680860396499583,2.343053955566112,2.833431125409798,-0.8338193576892099
-0.11331803998457535,1.1677837263099482,2.249470965853714,3.038417872109177,-1.5591422798552923
-0.3535108984607312,1.1850711010539452,1.9265323732518889,2.525858399904284,-1.6182733500942388
0.05646700050670594,0.6586454902443095,2.0522502277393437,2.685434229219464,0.15290111334013093
0.016917751880107548,1.189012384183735,1.8744026991234743,3.3178499578765095,-1.896825335332799
0.014276219530217424,1.39199817648151,1.8816347304574457,2.7903172473368087,-3.5477332926282004
-0.41710030025339023,1.0059409022702301,2.610590872945931,2.843805020774653,-0.2835500752860872
0.4488230178703987,1.4573537513970019,2.1120456248794817,2.51562555373362,-3.9734326907997137
4.450218711181637e-05,1.0333994645768996,1.5449389702208196,3.096687303934229,-1.078489198859662
0.1067568968603577,1.2070132408643683,2.249324246672014,2.6960057605572176,-1.6378374256407646
-0.19038721424095714,0.6465643622371824,1.7108837230571445,3.1290949140194444,-0.08407500956256095
-0.44432438335441327,0.6704823036216876,1.4498322697498507,2.7982669117847667,-0.09105241659555735
0.0024610548331821048,1.192381100367029,1.726853910072333,2.8658941870061243,-1.8896174322016959
0.5054951980850605,1.1456796366067572,2.4498512683359635,2.975858980301048,-1.1982640388931323
-0.0956402100360455,0.5500279494348026,1.9184911337370758,2.6427165866525244,0.18629778881706277
-0.37323222329521466,0.6307181986051851,1.7366020942823102,3.093250755038595,-0.03950024349636805
0.3001304125423933,0.5893599116665307,2.361955640073866,2.7798057865839985,0.4086951411728532
0.15415724872260983,0.9998593159183213,1.8043834339630895,3.210928492200897,-0.8991502175523098
-0.35971815642831373,1.1056573571296437,1.8921867110650223,3.0584276903941308,-1.3312007169648552
0.29643219061740167,1.4562883127263955,1.8367214292524792,2.8822271551334904,-4.325052788344311
-0.09499305171982388,1.1592588042822145,1.8474807276890803,3.0975102286802425,-1.6793827489704836
-0.0791536294343338,0.8640472038208934,1.9511692389642907,3.1713182208539448,-0.4140473008969403
0.2403256812348654,0.9582725404564704,1.9536734838602197,2.7518211777622117,-0.5858592348320781
0.20715144599309193,0.9086044094675313,2.070382833585693,2.9705382321556573,-0.44373830022375604
0.12765972208016468,0.87663788497343,1.686106257983944,3.417702791214931,-0.5310791067807664
-0.7041065404167647,0.43611166650679367,1.9072955198548223,2.9893727879038527,0.3753215408221124
0.06114203293831583,1.0074583196806164,2.021251163415231,2.725152196946277,-0.7275204711311906
0.30734291084936954,1.1416654308770282,2.2910364593989665,2.851800300613019,-1.2733937587316357
0.208903711942475,0.6788773933362913,2.1886031203258978,2.9772666487870696,0.08150879516383577
-0.4001759290509767,0.8160696883569737,1.912195335748656,3.2269886235626504,-0.2945773777223597
-0.02558817956437865,1.0272414164818144,1.8156257095363415,3.22596743737572,-1.0131612338201628
-0.128247696122936,0.7387317416183155,2.138763666686212,3.176115373845575,-0.09192444657966273
-0.036082303479523764,1.1750981934521147,1.363745245767599,3.1872565006101388,-1.8732439623379011
0.19620895559626864,0.6705725853808587,1.561249130240809,2.968608807501951,-0.12421611786768294
0.005391591542662185,0.5581265870410155,2.020568741857312,2.9915545253465172,0.11108110817380616
0.15849553954626305,0.7073764253748125,1.9187012610315368,3.179842986678162,-0.11719225304126804
-0.2564726623876528,1.2433229398731793,1.7798231013250356,2.9910173621145373,-2.2599504541815874
-0.41008236836861556,0.9226191401916133,2.1164851448359343,3.337122204227617,-0.5345077693698805
0.04876040348425865,0.7012428381576387,1.8338415142625637,2.9474609604204494,-0.09195468647740912
0.00117050127979622,0.7509565967547587,2.5788966360463377,2.8184953705693556,0.38289315328328416
-0.5492748690148538,0.979045797525026,1.9106821933970035,3.0356792789888796,-0.6708176406725399
-0.8732276874749642,1.3859297426788715,2.625792721974776,3.0696434311952396,-2.5726162538365513
-0.04953463834829789,1.176629919395605,2.0898518947111784,2.956050038788469,-1.6669049132600753
0.19356608116663207,0.7892022571570875,2.2921601624571024,3.246984988995499,-0.13817919466584191
-0.13162538275723631,1.348229156211136,2.072485583916885,2.9434016432545484,-3.0580204645561797
0.27881602136277245,0.9326492653547958,2.0294069305169513,2.8591984704029736,-0.4967645513078057
0.049387414894387915,0.8451126440815989,1.776956884876402,2.651718653091296,-0.30844786525752416
0.19996791365025127,0.7998082136359265,1.9799639119758383,2.8653642595128,-0.17962156956525713
-0.05962376902923799,1.0481950217203795,1.9927195587462643,3.1710836670096194,-1.0512184790130523
0.069419961713346,1.0304629795850646,2.091652996877192,2.692774898470446,-0.7634628449831999
-0.3836256764584475,1.2059178154771686,2.117261456556225,3.0541410668210394,-1.8621863339658051
0.17266994612200334,1.0194718664347073,1.3578637083053469,2.9324665711568945,-1.0333312344086814
0.3247007548406941,1.2829209539393915,2.196268316846011,2.7788808320376703,-2.3076484855364883
0.08264752225811625,0.8247719429187019,1.4912276585907134,2.596012399741593,-0.3538115551962939
0.3916591005997322,0.9361984322524047,2.069108541223697,2.9272591661724743,-0.4950395100387407
-0.1301608399960696,1.372947297963646,1.6888033345121172,2.971495820785178,-3.4485471334054316
0.14589474902190916,0.755733969041986,1.7276772715395434,3.226274512433616,-0.24350796583645323
-0.1308741866673371,1.491316268774192,1.995544963166197,3.1687540466254154,-4.788703652090425
0.011160001015207633,0.9816099080878776,2.114582407453453,3.110173146297745,-0.7147658395343905
0.16231982426529715,0.8336727401126954,1.8317749159246097,3.115968327770111,-0.36291424143076156
-0.208662820521802,1.052769910752113,1.8833193277097662,3.5234197411624626,-1.1448595743896914
-0.052214537431530594,0.7249043221939844,1.9149058565669457,2.9719041005360722,-0.10376281369646864
0.5940113466596052,1.5064375917772757,2.0978000383281827,2.805173090136396,-4.71270113325428
-0.11800462152474368,0.9219076813423637,1.5549556456801479,3.0436390658122976,-0.6540356257410422
0.19646614380483896,0.742025635212564,1.6288987083233382,2.6950413501374277,-0.1682239588722793
-0.15832261391027455,0.9386220593944843,2.0431314826176465,3.3345798762142227,-0.6346171099864522
0.022578614454011003,1.0872605678851093,2.0468861751474248,3.2264801728488255,-1.2354651604210443
0.1967674188440981,0.9933243107595556,1.87427557814869,2.962505740657085,-0.8118516895024528
0.10943209627443116,1.0051863150544247,2.2156971799150047,3.8116616710048716,-0.9065853209188519
-0.257427977485671,0.9916552636674443,2.12023607854742,2.7475824718008877,-0.6080488588515792
0.3565991547844357,1.25774839438141,1.7532791575984146,2.9088828526581936,-2.35435801076838
0.14775411685317805,0.8359642365420004,2.3065832671643616,3.340942957999904,-0.26069963262562934
0.20720683060544406,0.9751433867983945,2.136555099346783,3.068978200988351,-0.6674772160044096
-0.4925252922734699,1.3734305241214053,1.9013908550710281,3.035455075098007,-3.345371311358628
-0.06617421180825529,1.2110021441315768,1.6704727463470714,2.5137057243634633,-1.95565060830305
0.44490788560488453,1.0759433901401148,2.063076835314346,3.4927717211650657,-1.1792564702257795
0.023264172346828132,1.0551955063296514,1.9343410646487378,3.281797322765179,-1.1190490383340896
-0.07498976388086157,0.6554568883456582,1.9992937787356082,3.142078908129162,-0.020622601895098236
0.19776266012123817,1.2488379596148722,1.7053842659017289,3.5136765879975256,-2.3753173953524214
-0.17877873635344887,1.0483598197240673,1.738902497146534,3.008383823082721,-1.0952809493445645
-0.14034587351668712,0.7036359264665704,1.7951999308556643,3.163962860702772,-0.14109990898635386
0.018054297247884897,0.9554509830041787,1.8666324992558312,2.9145177134559024,-0.6651066034581101
-0.4898306070200635,0.41658978112427825,2.284796595757774,3.412376843703641,0.22843410196783792
-0.07220916222570982,1.3017021812158955,1.9112335196938626,2.937523838651717,-2.691864530840872
-0.24566589664782412,1.0002841110538132,2.619171198204133,2.7565950611480066,-0.18248325871246351
-0.04290716973378544,0.9188835079148236,1.8825990686094893,3.1102680454465843,-0.5786912381594598
-0.7204612377325526,0.7376448984533691,2.360942153412419,2.9097035204178927,0.4068186817031532
-0.5114438684446945,0.37384195170540657,2.1270688606886665,2.7256605697336216,0.4197740144096003
0.04437121333175241,1.1815644715060856,1.9467400005678073,3.042518786336147,-1.7814667159836137
0.008329131947292479,0.6706430998654112,1.8443633164532656,3.089308981658796,-0.07524599376775767
-0.13968331665662703,0.9293477453989055,1.6991341881744826,3.2395431861399664,-0.6698958979998193
-0.33756435367819926,0.6269604004438136,2.2971445332255027,2.5299457746693026,0.5381593327843491
-0.06310884265644537,1.3266562970797644,1.8266062140873358,3.0597264990729665,-2.9706304068570946
-0.014590100746978621,0.6783491987497537,2.1463196736905155,2.725396675290084,0.17289879769647323
0.5872598146884636,0.9168866277577885,1.7559300276017042,3.118820085619919,-0.4873293520941723
0.5225135727764834,1.207725724923211,1.9487615065144759,3.3488266778757394,-1.938304195485797
-0.18680127664174176,0.9941705282545902,1.8670070572575557,3.3055863132969447,-0.8739045933252334
0.2417960574728196,1.2158659599726018,2.3650154196648976,3.3487958664261894,-1.9332811128282756
-0.35660071946108435,1.0934023446305903,2.1694969215450466,2.9585558715766216,-1.123972231602513
-0.2780975636290029,1.1224430041282378,1.8591122198877548,2.9702848543413864,-1.4278398127784515
-0.11225257441670812,0.987483594326619,2.0287272681154027,3.017391482978216,-0.7463608580236021
0.2467361292643318,1.0355976660634423,1.979706897116535,2.615841810711951,-0.818406331014214
0.3232773324967293,0.6783145351261413,1.7066583464714067,2.9809825934520173,-0.09334410669286201
-0.21756500110701626,0.873231306846562,2.150745672916253,2.863241358283585,-0.26085156357187533
-0.13984964601356814,1.2238044960528773,1.7895389910526496,2.8799647499897487,-2.0936362940030318
-0.3791709262931195,0.8121708150453545,2.013608578649364,3.0607355261271154,-0.227104911613611
0.19746131789992424,0.46739653102054557,2.0255415863790653,3.2894320087822426,0.097569948533705
0.18041658400072244,0.9650234984325335,2.7591136171430257,3.41019994126723,-0.4376969243916028
0.14903044784253855,0.8159659134220716,2.0049950819448568,3.161165001859708,-0.28096477886572735
-0.3519805774733598,1.347331567622619,1.9116953246334452,2.979309315958838,-3.110457180872805
-0.03542901116540238,1.1195134865818166,1.7083066194812457,3.2138830045713354,-1.4909597436276323
-0.15495558718050423,0.3922856265171891,2.0112384602714894,3.2218429315400097,0.12875271408901603
-0.12083341632248704,1.2850941845201196,1.9606148213275878,3.009308494091974,-2.546952063978014
0.1361121744245843,1.3275398622113839,1.736456819657361,3.100661698277911,-3.007212383366787
-0.1929579041003205,1.0535446791141458,1.9346651361202436,2.691270272172505,-0.9635660615161694
0.06687950248025752,1.5740915245483107,1.76974509176713,2.8526805021259887,-5.991169394612286
-0.5354082656168085,0.995235084919865,2.0160431606373015,2.7709258270789285,-0.6186806571662803
-0.08935594188474878,1.6807151370015547,2.2224922960077382,2.7536826756657593,-7.555118626841285
0.06538228513412005,0.7769609501861554,2.1819055240025453,2.855395764369905,-0.023456719218118094
-0.2595141251304763,0.7251289318105203,2.12860044794928,3.159730615084044,-0.06598562022361243
-0.3985140528464563,1.0770120667086727,1.864145541790808,3.0682067990449595,-1.1840099900244971
0.22061793176448713,0.6622438732450058,2.349971059961975,2.6953431184858934,0.38784968566047895
0.035191333890527754,1.3192354697247248,1.8695868229009887,2.770626573780841,-2.8215947319780113
-0.2773031070492024,0.6759658714518748,1.6506964486306095,2.7128494245381862,-0.06579426593612914
0.24785488093830313,1.144134931587859,2.1416371246253725,2.770323639320261,-1.3526653085864906
-0.3335947603152126,0.6386084972524503,1.6801236088613605,3.157528329931867,-0.07377000030935439
0.03611417472909644,1.5027758198007788,2.041014386449982,2.992929718540608,-4.883805063946078
0.07671524315063757,0.944871472564717,2.2912545508913524,3.19022736550623,-0.5309485584511446
-0.1761382774636557,1.1547199660153025,2.2952316658433047,2.75273980701256,-1.2936029974453418
-0.3125354080105136,1.1503762150583268,2.016192509982668,2.6048678538689853,-1.3828453054341696
-0.06513496333696536,0.3959880962022426,2.037112355510222,3.133110046130247,0.15414318777227273
-0.3053068732566446,0.667978353263597,1.8737560670867885,3.038623600110982,-0.04580941379370829
0.5656295708782048,1.0922200049380575,2.237544717097993,3.022459587361824,-1.0203951826784077
0.2526606425497576,1.0443185318561536,2.0995264788008066,3.179184468170219,-0.9951304994015449
0.044589275288838,1.107500620934739,2.163756658061708,3.1410832585587527,-1.2792668821942528
0.2946964222685184,1.1897849249112868,1.5779631191176846,2.9384069062192366,-1.9131828160748718
-0.33380692527971145,0.9874753019220133,2.008604539731748,3.382098793654168,-0.81401509058458
0.24974928061860183,1.5107671985317395,1.8787377542970403,2.72417768497143,-4.979323373344808
-0.08105651315841297,1.5737619541865024,1.9178670742784358,2.7458895113210877,-5.8961511987905615
-0.15637382055094545,1.1328107514748353,2.3845722163700427,3.0133964018194463,-1.2540407292323064
-0.17176255260897788,1.2167403897067097,1.6789037334677515,2.700603010754315,-2.0415141573652287
0.10266606300233301,0.5350311397799563,2.3783049042926323,2.9999452522301007,0.3131852027156068
0.11227945009071064,1.152564575205662,2.31773978448327,2.884261256260974,-1.3475162919857828
-0.0644812744025569,0.7380545543331847,1.846763070053931,2.9662577753960027,-0.1464593591409192
0.5092769348449196,1.242719640342076,2.003259006392076,2.9201935277845124,-2.0962909013958395
0.18908195872086936,1.3209357666987551,1.899062757356409,2.81560752698373,-2.8363460438056927
0.5590765710929011,1.3378440898627177,1.738797083027819,2.6537477574734165,-2.9214686586251033
-0.13245807913366955,0.646272458271747,1.947004807596839,3.2658782173683467,-0.04781995517103224
0.3487777882315407,0.7672150665142294,2.294965189044751,2.715779662210526,0.17827391589885105
0.0602685481677777,1.326932484882998,2.1610638346752533,3.005208943964461,-2.8328203983767652
0.04864489628198949,1.2750389088621117,2.006509262734435,2.9838719794225153,-2.438496888362126
0.10512756349790159,1.5056681454536012,1.955776975388234,2.896783334719603,-4.931548085994953
0.04229076029709098,0.9886883177229775,2.0041062767323594,3.1008151981017615,-0.7810184423397748
0.18233610147390514,1.0453990430885909,1.895498215183957,2.842227935304364,-0.9954214146462754
0.30780935409766125,1.3998880673114573,2.3850001992737013,3.492392613475632,-3.6138935677767843
-0.12971160703466175,1.3015434698192319,1.9792468256831528,2.6945444369608964,-2.578294230615062
-0.007226107743787997,1.605574592699644,2.112708827653437,2.8454391904941767,-6.341491112329879
0.09274045101448718,1.1915130078164713,1.9054389318462197,3.025309644549607,-1.8581209962782514
-0.3647532558251354,1.0699695968336427,2.0671089398341196,2.717840140568484,-0.9583215098124103
0.35413837845600576,1.2829995624214436,2.046550211733609,3.0328752319797094,-2.486542194056566
-0.28931994190457677,1.1086658159888605,2.5048392552541348,3.2686007134005095,-1.1588950378984741
-0.12098584422629781,1.171833220754998,1.932572539588318,2.9873708613331647,-1.7103044958027966
-0.24781135541295854,1.1358663146796701,2.2223826260871515,3.2415613035142243,-1.439893012543712
0.0021316881065680687,0.8683694185982918,2.055906691723029,3.4393406356736604,-0.44093764940801045
0.3620803061514328,0.8827841033762073,2.0620081201031693,3.032428004133567,-0.3763368741322072
0.2702696260866334,1.0516876976782759,1.994427363796563,3.1286714812547087,-1.052871640894497
-0.029330669637348584,0.7161962842245553,2.0891214523549766,2.9953625324781163,-0.026480623263211156
0.28684938455054687,0.9331013538831843,1.9690198297497294,3.225575794722149,-0.6124518530764628
0.10629767310725383,1.2307275129969362,1.7108517288080667,3.0177232335038733,-2.1908512609223667
0.36712603532609445,0.7407831309226491,1.4903117932008096,2.741239562186819,-0.19560948871506278
0.0737349000106423,0.8417171875730116,2.308831076729255,3.0658481141247504,-0.18028836885781818
0.05308762761982657,1.0682941485948427,2.185740843082105,2.9222565759978854,-0.9894656787527581
0.19124215301510766,1.3117959808141308,1.8320290001048154,2.824522327707202,-2.782854696552987
-0.07491041879813976,0.9585875371057638,2.211500848442737,2.7654469808188904,-0.43536156670019605
-0.07252738875719406,1.0832118371692634,1.9331557960807282,2.7134976872018393,-1.1191153678371404
-0.08266955900859503,0.9512594536759041,1.6390942684125966,3.0525190261761934,-0.7356527603558208
-0.32642047249367845,1.0963594891615602,1.9779110263031985,2.668683436394116,-1.1317168704200018
-0.02271169037929372,0.7971414450724003,1.9253192244996937,2.9500171367652737,-0.2223451570065196
-0.43542724139378686,0.9055372022081118,1.824062271540438,3.240817847503224,-0.5360938631215201
-0.2884001628516726,0.9726649714028089,1.7535280181697899,2.9195910335972677,-0.7580183418100461
-0.7504570874867406,1.0107373483260045,2.2293568776659782,2.752843295877845,-0.29634505063463595
0.03988940169262133,0.9193343492191847,2.0390463303645703,3.0653791166698574,-0.5185378645968204
-0.17990218290539897,1.1856947990367765,1.7362283417256288,2.759535436860639,-1.8187238204699114
-0.23727843844382848,1.2629872893199348,2.2298403703544407,2.7451630505931184,-2.1059579690078123
0.36426533522809684,1.6798385421857889,2.099433989334145,2.855277712402075,-7.652982453004311
0.03168544926805875,0.9330904452587951,1.5461695085427904,3.1127012922651027,-0.6971634008965018
-0.05638302845937264,1.1078060605597404,1.9488502696006935,2.7318859258736654,-1.2471153776011514
0.03307428268756017,0.7052971161394049,2.328554506928466,3.417671563197805,-0.031960741352148964
-0.8583120848334661,0.9206102654612331,1.7215375433724813,3.16305870153786,-0.08782137422088901
0.2787300558844512,0.9852891795834672,2.0433672735423363,3.4947557872484625,-0.8195325421339203
-0.20202459983522347,0.9537462831266876,2.2904468590808995,2.8514684530961896,-0.409464370733854
0.13193607240227057,0.7741018306228165,1.3489998151903302,2.9327155810928396,-0.3140099438032143
0.21661778097453688,1.0363992350495863,2.1077528921929773,2.729882251510693,-0.7961509391554084
0.26960280783691765,1.0813231885911516,2.0420147248766702,2.5553383026828653,-0.9540903975555834
0.19415023494366263,1.2848039980734502,2.04705260232491,2.85349044883909,-2.4586036872265424
-0.09968674009265235,1.4007602511135862,1.9253265920658547,3.4252665838025074,-3.7500273773577057
0.05091435578142843,0.5422875002892253,2.6000110230198534,3.001176840866241,0.4768192565785101
0.17899818591386055,0.855742906180451,1.9258057317676887,3.080018331161034,-0.38239085018626534
0.00693989290630988,1.1212063503046248,2.4395207115420985,2.927306392635064,-1.097978506099891
0.1205109750635069,1.0482281020311643,1.9432922415536398,3.2325034995952575,-1.0764952854224183
0.032734156148636714,1.3357797380734735,1.9947062232357426,2.883225486880605,-2.954664666686033
0.2142810124693523,0.9787578504906573,2.2466278626618563,3.1104327783589216,-0.643421682067155
0.3543242210917381,0.9474319438346593,2.2308346932397485,3.2498325361488645,-0.5679358945999855
3.805624683920493e-05,1.168857451426767,2.1531703829134408,2.4401782834782146,-1.2603622926529243
0.1616498707035929,1.163493136664284,1.993110102269718,3.579887666778618,-1.735781728165634
0.08413285209142611,0.8295332387880578,2.292338292167556,3.292766577726266,-0.2385729242125203
0.22396399776686515,0.8132236796981525,1.8607734228314,3.0971281464876634,-0.30454713929815663
0.08825295154000624,1.0307061110313598,2.079075637628215,2.9225364932745803,-0.8724189119616882
-0.425060529206251,1.1165286378340713,1.9576740787080518,2.8892935063110388,-1.310694568062208
-0.15046939423172787,1.183870708704757,2.1265548930610016,2.787691266953449,-1.6251976155271763
0.5045670276682943,0.7151237036117527,1.9920451952509926,2.899729966005907,0.026006822755461317
0.08555114754656365,0.9596532092468893,1.7221304167707578,3.037393789482251,-0.7447284565442974
-0.12545023109874617,1.2229234109861278,2.248124245073046,2.6931196504239248,-1.75081960923408
0.21138265533729372,0.9865289876032697,2.571830980645264,3.1287391519818852,-0.4886443561654725
-0.39182368745005874,1.0411017935897526,2.0125600750234613,2.870201412875137,-0.9095151915750224
-0.06992529013069423,0.745142393850025,1.9730546746187196,3.2380849216194356,-0.1704154508040457
0.33089746474610204,1.014992618937665,2.2039798668990294,2.8579771572457577,-0.6956761665209368
-0.03645376940724298,0.6637815885680389,2.097171437411467,2.844756651636858,0.10123054971310805
-0.2342108177440514,1.3903390814515677,2.165362629843841,2.633083853193334,-3.2762793696475967
0.002365141440039632,0.7746725882404977,1.9087048699934737,3.0197228770461924,-0.20052135382886685
0.11686005692563842,0.9616885549218801,2.248149852175947,3.083768021741916,-0.5726803213644068
0.2894119470218849,1.1150400857426492,2.5762749600284476,2.9033139004542665,-0.9188133692514154
-0.17011164374899604,0.8222708412283739,1.8751944304738515,3.4533379228566603,-0.3693716174328887
-0.1827207980080004,1.1156195355797338,1.9699463156674892,2.8989155442246886,-1.3346885114596247
-0.4227968405242042,1.1249955347280185,1.7719763109288131,2.984821434365056,-1.4456166080330974
-0.07489270588958691,1.1912306609401877,1.8208690265847243,2.944408121086376,-1.8673569950666038
0.40105922824454876,1.2850534629476422,1.8897634086309714,2.9645588257042452,-2.5360094319830715
-0.050904374367958055,0.9521346978486911,1.7638559960890887,2.8186956207331413,-0.6685036687209077
0.14491121261273007,0.8360984169299293,2.143061298160279,3.451332238105632,-0.33958566936713874
-0.23068475500390453,0.4589685620710823,1.2921053776362506,3.0039074866397897,-0.007309395360401004
-0.029402489538540987,0.6855588568017035,2.336089818569421,3.6191334008655627,-0.04729471539770008
0.015456031810861522,1.2268178807599353,2.6601719729148927,2.861982366770496,-1.5188731248175553
0.0758311466209209,0.9265073402984191,1.867972792977724,3.1576992911469333,-0.6143833394511048
0.1080791508319152,1.05426948189767,2.0469933469913033,3.0538712364934395,-1.033394703869247
0.20862302814851247,0.787800425811997,1.7432182021100355,3.227251789879855,-0.2981580662008237
-0.2132281819659033,1.0081866778416806,2.0973236594172837,3.1453802684662064,-0.8334009199146657
-0.11205897284930134,1.2312286066928324,2.07785745063107,2.7080683067063536,-1.9512707380322751
0.21205790181025982,1.1246889349404574,2.1629000708249975,3.0567487363339745,-1.3473409983800324
-0.27258175550522323,0.9688236696661124,2.109501179007155,3.006853310931241,-0.6332320497271005
0.23643951588654818,0.880294585797598,1.9326347786325526,3.1774452742395187,-0.4605103048763224
-0.6658059270185032,1.1954207769463447,1.6626389299583975,3.30203125204482,-1.781337725329358
-0.26302710853450517,1.0605724698364474,1.9194247442038916,3.2507138213274143,-1.1388660874500136
-0.5680386038728583,1.0041863580388473,2.449588378356997,2.930377071926484,-0.4244456700598122
-0.19301082577341352,0.9320969926033078,2.160628631786988,3.0758037657752126,-0.5099412510938048
-0.399834384524039,1.2074451694896524,1.8138037213961407,2.957625197368877,-1.9585389595886546
-0.3264081217496984,1.3713357415959804,1.770456872537566,3.0244261339099188,-3.4077337054556804
0.06250925604748477,1.1474988425333452,2.253777419042242,2.9607092650520217,-1.3980399513204584
0.25247689829414305,1.127691129513111,2.478286056841121,2.956647698840535,-1.1194885005975217
0.08955673996016764,0.9048775780004588,2.3117788866672657,3.388768932305402,-0.4537952330421434
-0.48741850568032735,1.1343173171500727,2.098497910863944,3.908789998806201,-1.516017876277771
-0.20596836654251074,1.186855176726174,1.8708264492027609,3.009793539778514,-1.8331502403658506
0.47343802427132936,1.4776058284385187,1.781543105603496,2.716122646937995,-4.531549371542599
-0.3893797546924182,0.9842922507180832,1.8982509735243702,3.2927859920386346,-0.8051976970304993
-0.10758006882472775,0.6819405308105659,2.104859055504896,2.827878269320049,0.0908060538136834
0.1403647734264337,0.665376202997781,2.3675471785700455,2.5515421729960206,0.5456645059802192
0.14825253482117107,0.9194064236093583,1.850148988169799,2.6294861257473237,-0.4689628571406922
0.0735906788510579,1.5163401025070868,2.3629337140553,2.9199986586707687,-4.857872280670655
0.02352536253828831,1.0936236550214793,1.876542904266312,2.9270196220014184,-1.2615064708426131
0.389244228772176,1.077571058026853,2.1053427602190493,3.056774021167907,-1.1003068140409633
0.13312560718541255,0.9643724015142077,1.566064529924076,2.8114666366144228,-0.7683386697005352
0.11180262232306823,0.8762309295265376,1.8631510094108645,2.9152791918879863,-0.42250184273747554
0.23980323652895988,0.785883213088542,2.110862812082196,2.7416890288986786,-0.026766126594840622
0.23855195822324798,0.9689770405875822,2.1467535249902325,3.2051870992298674,-0.6770853823802416
-0.43263555022320466,1.1812660948145752,1.4679580362057705,2.9175482190994164,-1.8479893351141303
0.11325434234653944,0.673122907863245,2.052162102477334,2.8636375522544633,0.05860900240976594
-0.12846634241796007,0.9782297646924165,2.4497064888142606,3.2484525774874395,-0.592041803036454
0.019799708543332035,0.9310455355757261,2.192149911300075,2.5894193683264186,-0.2377665720092914
-0.20586349193254241,1.271535492123205,1.6030694030796078,2.6994335203820063,-2.487883409980278
-0.27322130483567114,1.680293719852316,1.8972369143878167,2.9992060023843963,-7.80581574857686
0.061728774926786356,1.1928790401173037,1.9343976431411198,2.824727642221034,-1.8048757307963503
-0.302725643279657,0.5724073322877302,1.6077213396485848,3.0520619507036773,-0.02195994085545261
-0.23677699344424347,0.9337268895108657,1.5918889541274366,2.3234603327126475,-0.5366237180657982
-0.14600595581372883,0.9330499897414655,1.9256577636849173,3.4012902826128375,-0.6547185775571963
0.32163568925120045,0.8511786450629821,1.4990792417201417,2.684127148404761,-0.416911824967249
0.3164615683748853,1.1524397935837882,2.25310190946529,2.681563691681985,-1.255474642416756
0.08679546097935915,1.189467857514534,2.0753869441603237,2.9610595369889356,-1.7603698564177876
0.1923434156306296,1.349029880094882,2.246413687619946,2.881247578922534,-2.9410815159291026
-0.2194284750999025,0.8707440672477738,1.88454691845624,3.047312042282454,-0.4262700639492094
0.00023729602676306828,1.0314314568681655,2.2866823023803433,3.101779715625824,-0.8363996993099394
-0.313719430971015,0.40406634907600325,2.00066098794217,2.9947336597847616,0.18221660153744101
0.0853765431062899,0.8167456247548988,2.0474068810394574,3.43309863887901,-0.31843934931538537
0.514769502245479,0.6045390343962702,2.3663265155400746,3.225412982386727,0.22635791165618427
0.32786440255706145,0.7740587341919757,1.616834835346116,3.266649176823506,-0.2874318032892583
0.2501326210263966,0.9678047817883307,1.8898746503994077,2.94942937942211,-0.7048214779236872
0.07880249704407542,1.1215489209938374,2.06334378231306,3.1913811506082546,-1.4074716737104669
0.050210175393909665,0.8296945205525886,2.084519955247422,3.1438367444797,-0.2805997341704051
-0.0030607322669163038,0.981477797248487,1.8080734351125871,3.421229764803173,-0.8499370120869285
0.22933640693463864,0.6370795343647764,1.7727523177766655,3.220408077078268,-0.07014207805646752
0.3469877152045406,0.7439613508437324,2.589786274673979,3.0894800107051723,0.20191582880155978
-0.13702751241516622,1.190291689393609,2.3882882096588216,2.781366966770181,-1.4633105859270517
-0.18445507130847721,0.8832146515636229,1.949195389151798,2.913174024612172,-0.4069218657339502
0.16747619904029043,1.2018575240977694,1.9591040199998346,2.8240548467184214,-1.8540829188374366
-0.12847325712190472,1.2723921860185223,1.9542473434267902,2.824878943227532,-2.3917859707514433
0.12544666350836192,0.7309220948779003,2.1660705283301365,2.88307853785629,0.03344140125453898
-0.783655906637372,1.3877307120254396,2.0216564162262993,3.1107284004070115,-3.153158779943767
0.3511082305389048,1.1190389722414225,2.3231288180003555,2.946786341009632,-1.1666516351921985
-0.25628245185552523,1.4050316177548994,2.4431572901779957,3.078000689401636,-3.495866047946762
-0.20869056549174517,0.9263958856095882,2.072204955733483,3.1504713607840595,-0.5474597656986299
0.4224717235579467,1.0423161411686004,1.9385345697159782,3.1295711934864285,-1.0012429012966122
-0.13660434375839434,1.4916868518855422,1.4940421103889507,2.950980524667896,-4.885150680431124
0.05689094222271739,1.1957517424249957,1.5637536240821666,2.8680735171997136,-1.9560096381433079
0.010503551633141523,1.448951101899212,2.240314248400757,3.1451295265437285,-4.150286006041981
0.22650062763840517,0.5441858850858808,1.7016600429958897,2.931478578188364,0.028472872022149473
-0.00956767778282262,1.212702023418952,2.448975738338873,2.5798128314121143,-1.3507458063763753
-0.10118434153002104,0.9369995230467424,1.9998531781497637,3.081367461625743,-0.5932966750539099
0.11474785359076754,1.3766000414721342,2.000002170836518,2.8909944407051666,-3.361905171419801
-0.009074670402614065,0.9742682788820118,1.9565204134129532,3.0022440877289913,-0.7206125964404648
0.2877278457489268,0.32296285664632896,2.1264745815378365,3.1298428386342536,0.20905811671199062
0.5164177136426237,1.2364724370083202,1.8189069286365818,2.724989927602626,-2.067793345129463
-0.2466516522182574,0.35481652920260276,2.3477804904852393,3.488437201805613,0.19301809109738874
-0.06420707371493378,0.9262747296185012,1.9297221979996702,3.0011664024725384,-0.5651908238765917
0.12914172388996728,1.2235738675228833,1.8194319444323348,2.9213600033331524,-2.0906753801734714
-0.18997555799430238,1.2314200890617575,1.9177522817744896,2.614561471377087,-2.0087018778805827
0.5245687849537302,1.3674947264172417,2.0277044015357117,2.995324682565188,-3.211325137765196
-0.2049496822751623,1.313207925126659,2.3322846392091723,3.0351814813860325,-2.6235395056897493
-0.20960712351270322,0.9352753875866823,2.187933491371525,3.033522886051477,-0.49262766547174797
0.31021743788132206,1.2240134251268084,2.055537217960709,2.878303029543891,-1.9752596908511824
-0.09010095595695358,0.6003173135530488,2.1515249174794038,3.1134670136499447,0.09823016995818334
0.28652290487613,0.6492921746152054,2.03678128803033,3.161028119718787,0.0013806568751539294
0.08371147377721118,1.0688650126277237,1.680726365189472,3.0596141797256062,-1.2141354243585478
-0.16461256217424766,0.9905161829089925,1.8871738066067032,3.119841967729925,-0.8279862545703496
0.503426159493534,0.9523885188397196,1.8906068477423688,2.8744413375697038,-0.5713473021065103
-0.11898725613225078,1.4772654193006063,1.9127860813563893,2.751805470243399,-4.528839663587486
-0.10619961811783399,1.2600082129882244,2.0090039590047857,2.992435173590514,-2.3172588419748834
-0.10978126802155364,0.566847683255028,1.9762230809465213,2.757517206287236,0.16069875055340288
0.1516266910111001,0.41373044305590767,1.8747580103363566,3.5560278883963323,0.048482284392611597
-0.283983271408559,1.2211039929018845,2.1409671193126107,2.882110076346209,-1.9123530079543019
-0.45718793476703956,1.0276388693948235,1.9072702340389287,3.16225073059427,-0.9392026128633906
-0.288148736733359,0.9819014684129541,1.8093852826342367,2.7359287865456507,-0.7313580446436504
-0.028657597966817352,1.0896760779325079,2.145650445930916,3.1854171856199223,-1.2040443734965376
0.07588579981036,1.1617931984088268,1.863876104272966,2.968888509445949,-1.66648484213089
-0.3501650863076875,0.770911306976227,1.0872418767777536,3.021817720557548,-0.32140458669919064
0.21853404597684795,0.8311196303623024,1.919292993762206,2.7982676573334277,-0.25355481436356
-0.1266742978499495,0.3732143214881388,2.3451149425753193,2.6754636397790197,0.5711391443317126
-0.0019019779667751107,1.4025255561795562,2.167755284139744,3.0063679817418323,-3.5990791621577087
0.10047446595019749,0.9212093838040525,2.167370598355452,2.9071732374740136,-0.4111432536796276
-0.11426890626916127,0.6374908041767959,2.365906161458832,3.3887458551288554,0.07260721600947984
0.680559124109037,1.0285868786672743,2.1837622310746436,3.562126185407215,-0.7635784160270257
0.2621042384203201,1.193255456297328,2.087654216521049,2.5889989680760697,-1.5998812374020972
0.057977693953239096,1.0046131851892024,2.1147274249084314,3.3746232696954137,-0.8643581511679941
0.04960525100470646,1.0797776739260658,1.869237041749966,2.934384144037724,-1.1947024018955115
0.17183109643534314,1.1295789846960071,1.8617963271310118,2.798171408386855,-1.4311843863475902
-0.07252321743626072,1.2145284530549878,2.1297272136786045,2.5754785582274065,-1.7082425922774145
0.06914027626285318,0.8464110643438036,1.743986625579943,2.9918755626094304,-0.397771645921653
0.4468058637193119,1.150639988987872,1.9664443822389872,2.589919601566063,-1.380709372414586
0.33915997793765834,0.48527486600371683,2.121228685035727,3.011243265494689,0.2040199787834162
-0.06231853588738752,0.6321975434987221,2.400691183452362,3.119311860875724,0.1911167168820359
-0.18671876629389278,0.9837493086261336,2.020405568319638,2.740553303874477,-0.6399554671401491
0.2446250697853839,1.0726278445564712,2.2060629909753,2.7689447215928653,-0.9172234383521758
-0.32126688155230243,1.426705378127211,1.5970915216240935,2.839312282897098,-4.032452067515732
0.3558625380932188,1.1188221682663884,2.0789104236387907,3.3053785102574103,-1.3943936887441382
0.05995224965989825,1.443029697265542,1.9588966069337599,3.4961058540055383,-4.237543310220176
-0.31651676629924064,1.3958284658974836,2.3324453884946936,2.661774323947971,-3.196376073491693
-0.6262908056818176,1.6260675887793061,2.3065012742083923,3.179963576190799,-6.5606156751440965
0.0037152669784344342,0.6972429672152798,2.058768702120043,3.13230485329116,-0.04971278547350452
0.02265557086952416,0.8255812470692256,2.0657413038332293,3.091539528094756,-0.26521240537990964
-0.046273986091922785,1.1375509349977273,1.7598900189968427,3.144782387019277,-1.5764088537802112
-0.4499548511327185,0.9391360957919354,2.2390159680207034,3.1111217087333833,-0.46862995010101194
-0.031259069511338854,1.049807713480742,1.8899127216123532,2.8481017821613066,-1.0207298175655342
-0.1998069024353445,1.252947373241313,1.7805290675200016,2.9921847487873663,-2.3375361889879334
-0.011573365991483899,1.2541151791109948,2.5398304147023114,2.93393739579229,-1.9121301692945925
0.024492040445151214,1.2462681107453564,2.2221383572283857,2.9254859746649116,-2.0794972857166583
0.0920768988831427,0.9319394847781121,2.0091935791088567,3.352237871111213,-0.6251928605021431
-0.7167005155801056,0.9454100794515757,2.251748267795998,2.9309043612797425,-0.18663693622494093
0.03394564213250411,1.107231608481378,1.9822664790372388,2.9410801357635608,-1.296623374878957
-0.30487239214978784,1.2095155886186635,2.2610487534685304,2.969033061536683,-1.795178220793796
-0.21285120074411912,1.0424909303859178,2.1056077173691476,2.7292228399772953,-0.8247682234940823
-0.07415177693551417,0.9395317895906461,1.7487129561979446,3.165937236382457,-0.6860825073748178
-0.06264492854980773,0.8274420879549855,2.12127194103875,3.364125862215348,-0.31065736960303775
0.3837108218782391,1.0480715611474387,2.024743690089517,2.835426266294772,-0.9249033168696672
0.2832017375570953,1.565886307154063,2.242253044413761,2.810057145345329,-5.6004765566541375
0.19874770773573816,0.7479774828930362,1.9801464199104084,3.2343353239362806,-0.1709555571081696
0.0599317330916851,1.360462699676995,1.720590876240048,2.8800099612340944,-3.298275482829087
0.2516061263147944,1.0126782264112912,1.8039309979069886,2.750575576111651,-0.8626720979100431
-0.14608642915189138,0.7925209913274374,1.8987561032946836,2.732270590820658,-0.16081234706801678
-0.4445625715407572,0.8369233033716781,1.8493335737568755,2.7942831599322147,-0.2596993580955328
-0.3283075602069272,0.9204014560324576,1.906148632354378,2.9032369576269885,-0.5202044318743888
0.08250564898484473,1.252393971649297,1.8374775617950319,2.987205398436237,-2.3169545874423045
-0.11287567317234751,0.8129372092714784,1.9293428665945425,2.965822437962235,-0.2574986202918499
-0.04421936622871614,1.1572120600823543,1.732006460556675,3.3616025973856454,-1.7228201089860584
0.6142118156463031,0.7785788722415669,2.309430335372975,2.8411431630033057,0.21142494641961387
-0.09743049409886125,0.6462427861105486,2.203675742038166,2.6987421828806126,0.27025065337964627
-0.23521842751812255,0.7705531872409891,1.9389810624957349,3.2162748365996396,-0.21738697267037482
-0.19939790639518323,1.154909551734637,2.005136911636291,3.2455672646373954,-1.6317998879145297
0.23658151815293121,0.5907522896718127,1.9459913768758623,3.07385382140568,0.0419714538986751
-0.153965622388318,1.593670550419176,1.8590361672389704,3.3884551464804247,-6.359346703245375
0.009713415172491743,0.52807636542164,1.9129595643602688,3.2192431915856172,0.046917739278097795
0.028194611669659014,0.7035585861957392,1.8423072697536618,3.23679168412817,-0.14006745692612343
0.4192682248579097,1.0845725139270301,1.7163348516668684,3.237024997579793,-1.27373943132207
0.5010247949070189,1.0947486165467608,2.025900084997464,3.2443422928669303,-1.22128458650287
0.3339840043436776,1.1200814929175908,2.355704174876883,3.049138720734033,-1.2052691043199077
-0.08068152683744852,0.8051875049006447,1.9246861228606167,3.0798929782850615,-0.2677758276006352
-0.5088087383114142,1.5099941440140687,1.879872073374561,3.004302382701629,-4.978454479151741
-0.03922762087498815,0.9903778591654272,1.571201713517357,3.1707884596370883,-0.9017691647801427
-0.06132259715578261,1.0485429690492423,2.214427582571428,2.6461469244924656,-0.718314582228526
-0.2098253400692501,0.9756386682239254,1.5795098136326557,3.157621789375067,-0.841508947499596
0.16159296605557866,1.1777072872757577,2.136068585211193,2.6611098488921217,-1.5079174441820844
-0.09793283494530507,0.8391304943112509,1.6957483846257886,3.272838726148436,-0.42365234698156695
-0.09622267391851919,0.8801110081755913,1.8587157849626434,2.8812300085625346,-0.42671534116813575
0.17399895681737118,0.7704626776637389,2.1149125608727655,2.810542973329453,-0.030826078666748857
-0.08205372962709781,0.5171429289806992,2.386979462091641,2.703222290836765,0.5364726410159893
-0.08265899117411765,1.072703681249508,1.633640797880937,3.246740800234812,-1.2599514088198036
-0.3080368456603032,0.7096999056481876,1.6564153145681386,2.7554806758022963,-0.11410071949915068
0.0990964764715641,0.9130996129518303,1.7740367705776334,3.3692523540617323,-0.6181813152031659
0.04842530084602109,0.9906521340159652,2.0970002336158573,3.1631186883667994,-0.7699575051395929
0.17194713629215036,1.2081182571754192,2.0651396384098275,3.0730057190201863,-1.9254516267388375
0.021475588419634487,0.9317790453541679,2.255329267777205,2.865795630709104,-0.3702095400091679
0.06328338924488715,1.0202387425560502,2.073782762473259,2.666246232457811,-0.7174543919185998
-0.32489864219985065,0.8923345612898445,2.0330581201596756,3.429689657294641,-0.4994135609257866
0.11292403813239793,0.4150295921005338,2.161541881618201,2.976069948501329,0.24877275299249257
0.3281594064395845,0.642493844038954,2.348443091762778,3.0128454686724986,0.21035274754012126
0.10954403146814233,0.49238592745714205,1.8681682717821178,3.5016232137926684,0.02238384727633424
0.03277165823142205,1.279314549527617,2.2031156915593417,3.11957799125059,-2.4298564820237036
0.5179380905886223,1.3834030113126348,1.9991783680377229,3.0980987522253827,-3.4172915405493365
0.15586282202666904,1.1079037693746234,2.1109311944984572,3.449785676667696,-1.3658517214749704
-0.44776943596579893,1.1117144912899306,2.140920427785283,2.8736201996157216,-1.1791771062343575
-0.19165524316214597,0.9578943326603764,2.0331786967163556,2.8844120773778177,-0.5936973313423626
-0.13311075293218064,1.1985851570129684,2.1825205536728043,3.194193061166365,-1.845557959209278
-0.08468043937283093,0.8803080448172831,2.131432025841923,3.3473116071967572,-0.4360842428993218
-0.07702291100323676,0.6197698800035283,1.9660536966870794,2.8401816678850595,0.0821043785355311
-0.044639581320090216,0.7240741044471941,1.8213991867590207,3.381223564555194,-0.19066651326514555
0.05036703591346423,1.0057060197100332,1.8053092605172048,2.7104488839348164,-0.8262062804489751
0.37331926849637476,0.4782617531961937,2.26794422157173,3.453754208366446,0.1530399774060613
0.12462167779225759,0.8385048945997405,2.2210294815151324,3.0825752153016444,-0.2245926392754447
-0.14886709230685383,1.1928935582259816,1.93645054707812,3.2506743555352275,-1.8984930117542254
0.13477574040021664,1.3166241488500918,1.7590722829719279,3.4865799582163732,-2.9398951378120635
0.16024270358535347,0.5596856781329287,1.737703400325109,3.0708301002273592,0.005071725918954967
0.19494133171279726,0.5858780692113272,2.362335623866937,2.3675629924945105,0.8748190242236928
-0.0635536606667676,0.8238976946671503,1.9263138810268834,3.224236283122462,-0.3333539921311858
-0.07662951056515392,0.9816929278283157,1.9838176973945323,2.52940167923231,-0.5503370212602633
0.211771644018612,1.2195689514211996,2.120296737434055,3.061077272686313,-1.9800025034570208
0.2613198676001644,0.7797612646566183,2.326219919361297,2.967930541254174,0.012353716928862446
-0.16977960331814432,0.8831210290521797,2.0086534709477415,3.4214853503825746,-0.48863248729803244
0.050729804990628874,1.0936034526807725,2.0489393309527766,2.9766685890928732,-1.2058453720067281
-0.19880983647897005,1.0162589669446216,2.261766584968906,2.936905479880133,-0.7133293092853094
0.5760433344928502,1.0039530353112263,1.9086522854941463,3.099018583971498,-0.7619143530146085
0.3270858122899968,1.201252085739904,1.7084078327088175,3.257397509986776,-1.995159219859788
0.055019365708931504,0.997202808436659,1.4661225880288105,3.463170458522851,-0.9567281792264678
0.002594577413595199,0.9554115279612668,1.8633867270383107,3.3006125001769457,-0.7316382714392851
0.26137630811627305,1.3872351343651674,1.7234371734993195,2.9697668496946608,-3.585309397086755
0.12623156816927447,0.8002612323195126,2.413920077673702,3.105285978459806,-0.04471972912079436
-0.31378272525048756,1.3256595831785118,1.839909822514107,2.7005531634203717,-2.8632024777894443
-0.19701295460136758,1.1558660445219504,1.8240139064309964,3.0415713298589813,-1.6541234369725226
-0.3954892885002646,1.4777915612486505,1.9708922778437505,2.934714243170546,-4.54139687289024
-0.06837885371753752,1.3455272361905766,2.345612367399974,2.8656865318610016,-2.8288246482561936
0.18777170315772426,1.000052767996052,2.086839991709129,3.1821669078327637,-0.8140134979319527
-0.35225621714371774,0.6773695449801433,2.1994982844753483,2.953128537657471,0.11259908803942759
-0.17125244303788126,1.166449523208281,1.7957677576019009,3.1983138626793197,-1.7510005087821907
-0.03914794839433475,1.4271321949392728,2.272629209016933,3.0643338792939674,-3.845639125763554
-0.3122011855946926,0.650839475533149,2.0361591882673133,2.995070986056311,0.043678569585232474
0.26514414779148915,1.1457470807027983,1.79067335745616,3.0002733598668665,-1.5914460182907508
0.6598067913923163,1.1130072603538952,2.204178186305822,2.602088710979909,-0.8301924353226957
-0.4321912994475956,0.7005339618207788,1.8086494856042212,3.084574827021398,-0.08773803494769873
-0.14296278543952964,1.498735404942609,1.7832375308061343,3.230303134096244,-4.9521643356807346
0.1799338804103528,1.5569996993276547,2.028373990462542,3.202527764473457,-5.715006567603156
0.4278895280222257,1.1286209395145148,1.538656044453671,2.5314961693772458,-1.452530800507915
